DeliveryDate,DeliveryHour,DeliveryInterval,SettlementPointName,SettlementPointType,SettlementPointPrice,DSTFlag
09/25/2026,20,1,7RNCHSLR_ALL,RN,52.66,N
09/25/2026,20,1,A4_DGR1_RN,RN,52.74,N
09/25/2026,20,1,A4_DGR2_RN,RN,52.74,N
09/25/2026,20,1,ABINDUST_RN,RN,56.6,N
09/25/2026,20,1,ADL_RN,RN,52.94,N
09/25/2026,20,1,AEEC,RN,52.04,N
09/25/2026,20,1,AE_RN,RN,51.63,N
09/25/2026,20,1,AGUAYO_UNIT1,RN,54.25,N
09/25/2026,20,1,AJAXWIND_RN,RN,52.29,N
09/25/2026,20,1,ALAMO_ST_RN,RN,57.52,N
09/25/2026,20,1,ALGOD_ALL_RN,RN,51.8,N
09/25/2026,20,1,ALP_BESS_RN,RN,70.08,N
09/25/2026,20,1,ALVIN_RN,RN,50.55,N
09/25/2026,20,1,AMADEUS_ALL,RN,46.25,N
09/25/2026,20,1,AMAD_ESS_RN,RN,52.95,N
09/25/2026,20,1,AMISTAD_ALL,RN,55.3,N
09/25/2026,20,1,AMOCOOIL_CC1,LCCRN,51.32,N
09/25/2026,20,1,AMOCOOIL_CC2,LCCRN,51.32,N
09/25/2026,20,1,AMOCO_PUN1,PUN,51.32,N
09/25/2026,20,1,AMOCO_PUN2,PUN,51.32,N
09/25/2026,20,1,AMO_AMOCO_1,PCCRN,51.32,N
09/25/2026,20,1,AMO_AMOCO_2,PCCRN,51.32,N
09/25/2026,20,1,AMO_AMOCO_5,PCCRN,51.32,N
09/25/2026,20,1,AMO_AMOCO_G1,PCCRN,51.32,N
09/25/2026,20,1,AMO_AMOCO_G2,PCCRN,51.32,N
09/25/2026,20,1,AMO_AMOCO_G3,PCCRN,51.32,N
09/25/2026,20,1,AMO_AMOCO_S1,PCCRN,51.32,N
09/25/2026,20,1,AMO_AMOCO_S2,PCCRN,51.32,N
09/25/2026,20,1,ANACACHO_ANA,RN,54.63,N
09/25/2026,20,1,ANCHOR_ALL,RN,51.32,N
09/25/2026,20,1,ANDMDSLR_ALL,RN,45.67,N
09/25/2026,20,1,ANEM_ESS_RN,RN,51.1,N
09/25/2026,20,1,ANG_ALL,RN,56.49,N
09/25/2026,20,1,ANOL_ESS_RN,RN,52.91,N
09/25/2026,20,1,ANSON1_ALL,RN,57.05,N
09/25/2026,20,1,ANTL_ESS_ES1,RN,56.77,N
09/25/2026,20,1,APCH_BES_RN,RN,53.08,N
09/25/2026,20,1,APPALOSA_ALL,RN,57.41,N
09/25/2026,20,1,APPLE_ESR_RN,RN,58.38,N
09/25/2026,20,1,AQLA_WND_RN,RN,52.52,N
09/25/2026,20,1,AQUI_ALL,RN,52.37,N
09/25/2026,20,1,ARAGORN_RN,RN,58.13,N
09/25/2026,20,1,ARMD_SLR_RN,RN,53,N
09/25/2026,20,1,ARY_BESS_RN,RN,51.29,N
09/25/2026,20,1,ASCK_SLR_RN,RN,52.37,N
09/25/2026,20,1,ASTRA_RN,RN,51.05,N
09/25/2026,20,1,ATK_ATKINSG7,RN,53.57,N
09/25/2026,20,1,AURO_SLR_RN,RN,53.03,N
09/25/2026,20,1,AUSTPL_ALL,RN,52.86,N
09/25/2026,20,1,AVIAT_ALL,RN,57,N
09/25/2026,20,1,AVIL_ESS_RN,RN,57.49,N
09/25/2026,20,1,AZSP_SLR_RN,RN,52.98,N
09/25/2026,20,1,AZURE_RN,RN,49.25,N
09/25/2026,20,1,AZ_ALL,RN,52.6,N
09/25/2026,20,1,BAC_RN_ALL,RN,51.44,N
09/25/2026,20,1,BAFFIN_ALL,RN,51.37,N
09/25/2026,20,1,BAIRDWND_ALL,RN,50.58,N
09/25/2026,20,1,BAKE_RN_ALL,RN,52.83,N
09/25/2026,20,1,BARROW_ALL,RN,59.01,N
09/25/2026,20,1,BART_SLR_RN,RN,52.85,N
09/25/2026,20,1,BASTEN_CC1,LCCRN,52.7,N
09/25/2026,20,1,BASTEN_CCU,PCCRN,52.7,N
09/25/2026,20,1,BATCAVE_RN,RN,53.82,N
09/25/2026,20,1,BAYC_BESS_RN,RN,51.86,N
09/25/2026,20,1,BBREEZE_1_2,RN,51.25,N
09/25/2026,20,1,BCATWD_WD_1,RN,53.06,N
09/25/2026,20,1,BCH_RN,RN,51.63,N
09/25/2026,20,1,BCK_RN,RN,51.42,N
09/25/2026,20,1,BCNV2_ES_RN,RN,50.55,N
09/25/2026,20,1,BCNV_RN,RN,50.55,N
09/25/2026,20,1,BELM_SLR_RN,RN,52.98,N
09/25/2026,20,1,BEXAR_ES_RN,RN,52.75,N
09/25/2026,20,1,BIGSAMWD_RN,RN,57.24,N
09/25/2026,20,1,BIGSTAR_ALL,RN,52.54,N
09/25/2026,20,1,BIRD_ESR1,RN,52.09,N
09/25/2026,20,1,BKBN_RN,RN,53.09,N
09/25/2026,20,1,BKSL_RN,RN,49.04,N
09/25/2026,20,1,BLACKJAK_RN,RN,51.72,N
09/25/2026,20,1,BLACKSPR_RN,RN,53.23,N
09/25/2026,20,1,BLSMT1_5_A_6,RN,51.68,N
09/25/2026,20,1,BLUEJAY_RN,RN,53.62,N
09/25/2026,20,1,BLVN_RN,RN,52.96,N
09/25/2026,20,1,BOARDCRK_ALL,RN,53,N
09/25/2026,20,1,BOCO_ESS_RN,RN,57.31,N
09/25/2026,20,1,BOOTLEG_UN1,RN,57.53,N
09/25/2026,20,1,BORDAS_345,RN,50.66,N
09/25/2026,20,1,BOSQUESW_CC1,LCCRN,53.07,N
09/25/2026,20,1,BOSQUESW_CC2,LCCRN,53.06,N
09/25/2026,20,1,BOSQ_BSQSU_5,PCCRN,53.06,N
09/25/2026,20,1,BOSQ_BSQS_12,PCCRN,53.06,N
09/25/2026,20,1,BOSQ_BSQS_34,PCCRN,53.07,N
09/25/2026,20,1,BRANDON_RN,RN,53.01,N
09/25/2026,20,1,BRAN_ESS_RN,RN,53.31,N
09/25/2026,20,1,BRAUNIG_CC1,LCCRN,52.69,N
09/25/2026,20,1,BRAUNIG_VHB1,RN,52.73,N
09/25/2026,20,1,BRAUNIG_VHB2,RN,52.73,N
09/25/2026,20,1,BRAUNIG_VHB3,RN,52.73,N
09/25/2026,20,1,BRAZ_WND_ALL,RN,53.05,N
09/25/2026,20,1,BRA_AVR1_CT2,PCCRN,52.69,N
09/25/2026,20,1,BRA_AVR_CST1,PCCRN,52.69,N
09/25/2026,20,1,BRHEIGHT_RN,RN,51.31,N
09/25/2026,20,1,BRIGHTSD_U1,RN,52.41,N
09/25/2026,20,1,BRISCOE_WIND,RN,50.77,N
09/25/2026,20,1,BRPANGLE_RN,RN,52.07,N
09/25/2026,20,1,BRPMAGNO_RN,RN,51.09,N
09/25/2026,20,1,BRP_BRAZ_RN,RN,52.07,N
09/25/2026,20,1,BRP_DIKN_RN,RN,51.24,N
09/25/2026,20,1,BRP_LOOP_RN,RN,52.05,N
09/25/2026,20,1,BRP_LOP1_RN,RN,50.52,N
09/25/2026,20,1,BRP_PBL1_RN,RN,55.29,N
09/25/2026,20,1,BRP_PBL2_RN,RN,55.29,N
09/25/2026,20,1,BRP_RN_UNIT1,RN,52.82,N
09/25/2026,20,1,BRP_SWNY_RN,RN,52.07,N
09/25/2026,20,1,BRP_ZPT1_RN,RN,50.25,N
09/25/2026,20,1,BRP_ZPT2_RN,RN,50.25,N
09/25/2026,20,1,BRTSW_BCW1,RN,53.37,N
09/25/2026,20,1,BR_ARROW_ALL,RN,52.84,N
09/25/2026,20,1,BR_VHB6CT5_6,RN,52.72,N
09/25/2026,20,1,BR_VHB6CT7_8,RN,52.72,N
09/25/2026,20,1,BSS_U1,RN,52.07,N
09/25/2026,20,1,BTE_BTE_G1,PCCRN,52.72,N
09/25/2026,20,1,BTE_BTE_G2,PCCRN,52.72,N
09/25/2026,20,1,BTE_BTE_G3,PCCRN,52.72,N
09/25/2026,20,1,BTE_BTE_G4,PCCRN,52.72,N
09/25/2026,20,1,BTE_CC1,LCCRN,52.72,N
09/25/2026,20,1,BTE_PUN1,PUN,52.72,N
09/25/2026,20,1,BTE_PUN2,PUN,52.72,N
09/25/2026,20,1,BTM_ALL,RN,51.93,N
09/25/2026,20,1,BUCHAN_ALL,RN,53.13,N
09/25/2026,20,1,BUCKTHRN_RN,RN,53.41,N
09/25/2026,20,1,BUDA_RN,RN,52.8,N
09/25/2026,20,1,BUFF_GAP_ALL,RN,56.06,N
09/25/2026,20,1,BULLCRK_1_2,RN,91.81,N
09/25/2026,20,1,BUZI_SLR_RN,RN,49.16,N
09/25/2026,20,1,BVE_CC1,LCCRN,51.81,N
09/25/2026,20,1,BVE_UNIT1,PCCRN,51.81,N
09/25/2026,20,1,BVE_UNIT2,PCCRN,51.81,N
09/25/2026,20,1,BVE_UNIT3,PCCRN,51.81,N
09/25/2026,20,1,BYNM_SLR_RN,RN,53.17,N
09/25/2026,20,1,BYP_RN,RN,49.13,N
09/25/2026,20,1,BYRDR_ES_ALL,RN,52.07,N
09/25/2026,20,1,BYU_BYU_1,PCCRN,51.97,N
09/25/2026,20,1,BYU_BYU_12,PCCRN,51.97,N
09/25/2026,20,1,BYU_BYU_34,PCCRN,51.97,N
09/25/2026,20,1,BYU_CC1,LCCRN,51.97,N
09/25/2026,20,1,BYU_G4_RN,PCCRN,51.97,N
09/25/2026,20,1,BYU_PUN1,PUN,51.97,N
09/25/2026,20,1,BYU_PUN2,PUN,51.97,N
09/25/2026,20,1,BYU_PUN3,PUN,51.97,N
09/25/2026,20,1,BYU_PUN4,PUN,51.97,N
09/25/2026,20,1,B_DAVIS_3,PCCRN,51.66,N
09/25/2026,20,1,B_DAVIS_4,PCCRN,51.66,N
09/25/2026,20,1,B_DAVIS_CC1,LCCRN,51.66,N
09/25/2026,20,1,B_D_B_DAVIG1,RN,51.66,N
09/25/2026,20,1,B_D_B_DAVIG2,PCCRN,51.66,N
09/25/2026,20,1,C5_RN,RN,52.71,N
09/25/2026,20,1,CABEZON_ALL,RN,50.9,N
09/25/2026,20,1,CACH_ESS_RN,RN,52.72,N
09/25/2026,20,1,CALAVER_JKS1,RN,52.66,N
09/25/2026,20,1,CALAVER_JKS2,RN,52.66,N
09/25/2026,20,1,CALAVER_JTD1,RN,52.72,N
09/25/2026,20,1,CALAVER_JTD2,RN,52.72,N
09/25/2026,20,1,CALAVER_OWS1,RN,52.73,N
09/25/2026,20,1,CALAVER_OWS2,RN,52.73,N
09/25/2026,20,1,CALHOUN_ALL,RN,51.76,N
09/25/2026,20,1,CALLAHA_WND1,RN,56.48,N
09/25/2026,20,1,CAL_CALGT1,PCCRN,52.59,N
09/25/2026,20,1,CAL_CALSTG1,PCCRN,52.59,N
09/25/2026,20,1,CAL_CC1,LCCRN,52.59,N
09/25/2026,20,1,CAL_PUN1,PUN,52.59,N
09/25/2026,20,1,CAL_PUN2,PUN,52.59,N
09/25/2026,20,1,CAMWIND_RN,RN,51.27,N
09/25/2026,20,1,CANYONWD_ALL,RN,57.05,N
09/25/2026,20,1,CAPRIDG4_CR4,RN,57,N
09/25/2026,20,1,CAPRIDGE_ALL,RN,57,N
09/25/2026,20,1,CARA_ESS_RN,RN,51.14,N
09/25/2026,20,1,CARBN_BSP_1,RN,61.15,N
09/25/2026,20,1,CARN_ESS_RN,RN,51.69,N
09/25/2026,20,1,CARRIZO_ESR1,RN,55.43,N
09/25/2026,20,1,CARTWHL_RN,RN,52.85,N
09/25/2026,20,1,CASL_GAP_UN1,RN,57.77,N
09/25/2026,20,1,CAST_ESS_RN,RN,52.07,N
09/25/2026,20,1,CATARINA_B1,RN,56.66,N
09/25/2026,20,1,CBECII_89,PCCRN,51.06,N
09/25/2026,20,1,CBECII_CC3,LCCRN,51.06,N
09/25/2026,20,1,CBECII_CT7,PCCRN,51.06,N
09/25/2026,20,1,CBEC_ALL,PCCRN,52.76,N
09/25/2026,20,1,CBEC_CC1,LCCRN,52.76,N
09/25/2026,20,1,CBEC_CC2,LCCRN,52.76,N
09/25/2026,20,1,CBY4_ALL,PCCRN,52.67,N
09/25/2026,20,1,CBY4_CC1,LCCRN,52.67,N
09/25/2026,20,1,CBY_CBY_G1,RN,52.65,N
09/25/2026,20,1,CBY_CBY_G2,RN,52.6,N
09/25/2026,20,1,CCEC_CC1,LCCRN,51.68,N
09/25/2026,20,1,CCEC_GT1,PCCRN,51.68,N
09/25/2026,20,1,CCEC_GT2,PCCRN,51.68,N
09/25/2026,20,1,CCEC_PUN1,PUN,51.68,N
09/25/2026,20,1,CCEC_PUN2,PUN,51.68,N
09/25/2026,20,1,CCEC_ST1,PCCRN,51.68,N
09/25/2026,20,1,CDRVLE_U1_RN,RN,58.11,N
09/25/2026,20,1,CEDROHI_CHW1,RN,50.59,N
09/25/2026,20,1,CEDRVALE_RN,RN,58.11,N
09/25/2026,20,1,CFLATS_UNIT,RN,55.55,N
09/25/2026,20,1,CFLAT_ES_RN,RN,51.25,N
09/25/2026,20,1,CHALUP_ALL,RN,51.28,N
09/25/2026,20,1,CHAL_SLR_RN,RN,58.14,N
09/25/2026,20,1,CHAMON_UN1,RN,52.84,N
09/25/2026,20,1,CHAMON_UN2,RN,52.84,N
09/25/2026,20,1,CHAR_SLR_RN,RN,51.42,N
09/25/2026,20,1,CHEDPW_GT2,PCCRN,53.09,N
09/25/2026,20,1,CHE_CC1,LCCRN,53.01,N
09/25/2026,20,1,CHE_LYD,PCCRN,52.97,N
09/25/2026,20,1,CHE_LYD2,PCCRN,52.97,N
09/25/2026,20,1,CHE_PUN1,PUN,52.97,N
09/25/2026,20,1,CHE_PUN2,PUN,52.97,N
09/25/2026,20,1,CHIL_SLR,RN,53.03,N
09/25/2026,20,1,CHISMGRD_RN,RN,52.79,N
09/25/2026,20,1,CISC_RN,RN,55.1,N
09/25/2026,20,1,CITRUSCY_RN,RN,51.11,N
09/25/2026,20,1,CITYVICT_ALL,RN,51.9,N
09/25/2026,20,1,CLO_RN,RN,52.46,N
09/25/2026,20,1,CLT_RN,RN,52.46,N
09/25/2026,20,1,CMPD_SLR_RN,RN,52.58,N
09/25/2026,20,1,CNLY_ESS_RN,RN,52.85,N
09/25/2026,20,1,CNTRY_RN,RN,52.9,N
09/25/2026,20,1,CNTYRDS_RN,RN,58.11,N
09/25/2026,20,1,CN_BRKS_UNT1,RN,51.02,N
09/25/2026,20,1,COL_COLETOG1,RN,51.98,N
09/25/2026,20,1,CONIGLIO_RN,RN,52.84,N
09/25/2026,20,1,CONTINEN_RN,RN,50.86,N
09/25/2026,20,1,CORALSLR_ALL,RN,53.2,N
09/25/2026,20,1,CORAZON_RN,RN,50.54,N
09/25/2026,20,1,COTPLNS_RN,RN,50.23,N
09/25/2026,20,1,COTTON_PAP2,RN,51.68,N
09/25/2026,20,1,COTULLA_RN,RN,53.47,N
09/25/2026,20,1,COYANOSA_RN,RN,58.1,N
09/25/2026,20,1,COYOTSPR_AGR,RN,58.11,N
09/25/2026,20,1,COYOTSPR_RN,RN,58.11,N
09/25/2026,20,1,CPSES_UNIT1,RN,53.03,N
09/25/2026,20,1,CPSES_UNIT2,RN,53.03,N
09/25/2026,20,1,CRANELL_ALL,RN,51.72,N
09/25/2026,20,1,CRAWFISH_RN,RN,52.02,N
09/25/2026,20,1,CROSSETT_ALL,RN,57.75,N
09/25/2026,20,1,CROSSTRL_RN,RN,64.41,N
09/25/2026,20,1,CRWN_SLR_UN1,RN,52.99,N
09/25/2026,20,1,CR_RN,RN,52.75,N
09/25/2026,20,1,CSC_CSECG1_2,RN,50.78,N
09/25/2026,20,1,CST1_SLR_RN,RN,57.05,N
09/25/2026,20,1,CST2_SLR_RN,RN,57.05,N
09/25/2026,20,1,CS_RN,RN,52.85,N
09/25/2026,20,1,CTW_RN,RN,51.7,N
09/25/2026,20,1,CVC_CC1,LCCRN,53.1,N
09/25/2026,20,1,CVC_CVCG1_5,PCCRN,53.1,N
09/25/2026,20,1,CVC_CVC_G2,PCCRN,53.1,N
09/25/2026,20,1,CVC_CVC_G3,PCCRN,53.1,N
09/25/2026,20,1,DAG_ALL,RN,52.14,N
09/25/2026,20,1,DANSBY_ALL,RN,53.54,N
09/25/2026,20,1,DAN_ALL,RN,50.89,N
09/25/2026,20,1,DA_BESS,RN,52.07,N
09/25/2026,20,1,DA_BESS2,RN,52.07,N
09/25/2026,20,1,DC2SES_ALL,RN,53.07,N
09/25/2026,20,1,DC_E,LZ_DCEW,52.84,N
09/25/2026,20,1,DC_E,LZ_DC,52.84,N
09/25/2026,20,1,DC_L,LZ_DC,49.9,N
09/25/2026,20,1,DC_L,LZ_DCEW,49.9,N
09/25/2026,20,1,DC_N,LZ_DCEW,52.04,N
09/25/2026,20,1,DC_N,LZ_DC,52.04,N
09/25/2026,20,1,DC_R,LZ_DCEW,51.12,N
09/25/2026,20,1,DC_R,LZ_DC,51.12,N
09/25/2026,20,1,DDPEC_CC1,LCCRN,52.11,N
09/25/2026,20,1,DDPEC_GT1,PCCRN,52.11,N
09/25/2026,20,1,DDPEC_GT2,PCCRN,52.11,N
09/25/2026,20,1,DDPEC_GT3,PCCRN,52.11,N
09/25/2026,20,1,DDPEC_GT4,PCCRN,52.11,N
09/25/2026,20,1,DDPEC_GT6,PCCRN,52.11,N
09/25/2026,20,1,DDPEC_ST1,PCCRN,52.11,N
09/25/2026,20,1,DECKER_GT,RN,52.85,N
09/25/2026,20,1,DENISON_G1_2,RN,52.82,N
09/25/2026,20,1,DERMOTT_ALL,RN,44.82,N
09/25/2026,20,1,DESN_ESS_RN,RN,52.07,N
09/25/2026,20,1,DGFS_ESR_RN,RN,57.52,N
09/25/2026,20,1,DIBOL_RN,RN,52.96,N
09/25/2026,20,1,DIB_CC1,LCCRN,52.35,N
09/25/2026,20,1,DIB_DIB_G1,PCCRN,52.35,N
09/25/2026,20,1,DIB_DIB_G2,PCCRN,52.35,N
09/25/2026,20,1,DIB_DIB_G3,PCCRN,52.35,N
09/25/2026,20,1,DIB_DIB_G4,PCCRN,52.35,N
09/25/2026,20,1,DIB_PUN1,PUN,52.35,N
09/25/2026,20,1,DIB_PUN2,PUN,52.35,N
09/25/2026,20,1,DILEOS_UNIT1,RN,53.12,N
09/25/2026,20,1,DIVR_SLR_RN,RN,53.01,N
09/25/2026,20,1,DKNS_ESS_RN,RN,49.04,N
09/25/2026,20,1,DMA_RN,RN,52.13,N
09/25/2026,20,1,DORA_SLR_RN,RN,51.13,N
09/25/2026,20,1,DOWGEN_PUN1,PUN,50.66,N
09/25/2026,20,1,DOWGEN_PUN2,PUN,50.66,N
09/25/2026,20,1,DOWGEN_PUN3,PUN,50.66,N
09/25/2026,20,1,DOWGEN_PUN4,PUN,50.66,N
09/25/2026,20,1,DOWGEN_PUN5,PUN,50.66,N
09/25/2026,20,1,DOWGEN_PUN6,PUN,50.66,N
09/25/2026,20,1,DOW_61_2_63,RN,50.66,N
09/25/2026,20,1,DOW_64,RN,50.66,N
09/25/2026,20,1,DOW_81_2_84,RN,50.66,N
09/25/2026,20,1,DOW_G37_G35,RN,50.66,N
09/25/2026,20,1,DOW_G66_ST65,RN,50.66,N
09/25/2026,20,1,DOW_G67,RN,50.66,N
09/25/2026,20,1,DOW_G96_ST95,RN,50.66,N
09/25/2026,20,1,DRAK_ESS_RN,RN,52.86,N
09/25/2026,20,1,DRCK_SLR_RN,RN,22.1,N
09/25/2026,20,1,DRYFRIO_RN,RN,53.81,N
09/25/2026,20,1,DSWL_BES1,RN,52.82,N
09/25/2026,20,1,DUF_RN,RN,50.94,N
09/25/2026,20,1,DUKE_CC1,LCCRN,51.14,N
09/25/2026,20,1,DUKE_GST1CCU,PCCRN,51.14,N
09/25/2026,20,1,DUKE_GT2_CCU,PCCRN,51.14,N
09/25/2026,20,1,DUP_PUN1,PUN,51.88,N
09/25/2026,20,1,DUP_PUN2,PUN,51.88,N
09/25/2026,20,1,DUP_PUN3,PUN,51.88,N
09/25/2026,20,1,DUP_PUN4,PUN,51.88,N
09/25/2026,20,1,EBELLS_UNIT1,RN,53.3,N
09/25/2026,20,1,EBNY_ESS_RN,RN,52.7,N
09/25/2026,20,1,EB_RN,RN,53.3,N
09/25/2026,20,1,ECLIPSE_UN1,RN,54.9,N
09/25/2026,20,1,EIFSLR_UNIT1,RN,52.83,N
09/25/2026,20,1,ELB_ELBCREEK,RN,58.1,N
09/25/2026,20,1,ELECTRAW_1_2,RN,51.98,N
09/25/2026,20,1,ELMCRK_RN,RN,56.6,N
09/25/2026,20,1,ELM_ST_RN,RN,58.11,N
09/25/2026,20,1,ELM_ST_RN2,RN,58.11,N
09/25/2026,20,1,ELSAUZ_ALL,RN,51.25,N
09/25/2026,20,1,ELSA_ESR_RN,RN,51.16,N
09/25/2026,20,1,ELS_RN_1,RN,52.93,N
09/25/2026,20,1,ELZA_SLR_RN,RN,52.87,N
09/25/2026,20,1,EL_RAYO_ALL,RN,51.27,N
09/25/2026,20,1,EMPCT_RN,RN,52.86,N
09/25/2026,20,1,ENDPARK_ESS1,RN,39.79,N
09/25/2026,20,1,ERKA_SLR_RN,RN,52.91,N
09/25/2026,20,1,ERSL_RN,RN,53.65,N
09/25/2026,20,1,ESCONDID_ESR,RN,55.22,N
09/25/2026,20,1,ESTONIAN_ALL,RN,52.84,N
09/25/2026,20,1,ETCCS_CC1,LCCRN,52.93,N
09/25/2026,20,1,ETCCS_CCU,PCCRN,52.93,N
09/25/2026,20,1,EUNICE_ALL,RN,58.77,N
09/25/2026,20,1,EVLN_ESS_RN,RN,51.32,N
09/25/2026,20,1,EXGNSND_RN,RN,50.25,N
09/25/2026,20,1,EXGNWTL_1,RN,50.59,N
09/25/2026,20,1,EXN_14,RN,52.64,N
09/25/2026,20,1,EXN_1_3,RN,52.64,N
09/25/2026,20,1,EXN_4,RN,52.64,N
09/25/2026,20,1,EXN_8,RN,52.64,N
09/25/2026,20,1,EXN_9_13,RN,52.64,N
09/25/2026,20,1,EXN_PUN1,PUN,52.64,N
09/25/2026,20,1,EXN_PUN2,PUN,52.64,N
09/25/2026,20,1,EXN_PUN3,PUN,52.64,N
09/25/2026,20,1,E_BLACK_RN,RN,52.95,N
09/25/2026,20,1,E_HARRIS_RN,RN,51.25,N
09/25/2026,20,1,FAGUSSLR_RN,RN,51.11,N
09/25/2026,20,1,FALFUR_RN,RN,50.98,N
09/25/2026,20,1,FALFUR_RN2,RN,50.98,N
09/25/2026,20,1,FAL_FALCONG1,RN,50.66,N
09/25/2026,20,1,FAL_FALCONG2,RN,50.66,N
09/25/2026,20,1,FAL_FALCONG3,RN,50.66,N
09/25/2026,20,1,FAULKNER_RN,RN,58.11,N
09/25/2026,20,1,FEGC_RN,RN,52.46,N
09/25/2026,20,1,FENCESLR_ALL,RN,53,N
09/25/2026,20,1,FERD_ESS_RN,RN,52.74,N
09/25/2026,20,1,FERGCC_CC1,LCCRN,53.16,N
09/25/2026,20,1,FERGCC_GT1_1,PCCRN,53.16,N
09/25/2026,20,1,FERGCC_GT2_3,PCCRN,53.16,N
09/25/2026,20,1,FERGCC_ST1_5,PCCRN,53.16,N
09/25/2026,20,1,FERMI_ALL,RN,56.77,N
09/25/2026,20,1,FILESSLR_PV1,RN,52.62,N
09/25/2026,20,1,FIVEWSLR_ALL,RN,53.03,N
09/25/2026,20,1,FLCNS_UNIT1,RN,58.33,N
09/25/2026,20,1,FLCNS_UNIT2,RN,58.33,N
09/25/2026,20,1,FLCNS_UNIT3,RN,58.33,N
09/25/2026,20,1,FLOWERII_RN,RN,58.04,N
09/25/2026,20,1,FLTBES1,RN,58.04,N
09/25/2026,20,1,FLTCK_SSI,RN,54.06,N
09/25/2026,20,1,FLUVANNA_1_2,RN,39.79,N
09/25/2026,20,1,FLVABES1_ESR,RN,58.04,N
09/25/2026,20,1,FOARDCTY_ALL,RN,50.87,N
09/25/2026,20,1,FORMOSA_CC1,LCCRN,51.75,N
09/25/2026,20,1,FORMOSA_CC2,LCCRN,51.75,N
09/25/2026,20,1,FORMOSA_PUN1,PUN,51.75,N
09/25/2026,20,1,FORMOSA_PUN2,PUN,51.75,N
09/25/2026,20,1,FORTMA_RN,RN,53.82,N
09/25/2026,20,1,FOXTROT_ALL,RN,52.19,N
09/25/2026,20,1,FO_FORMOSA11,RN,51.75,N
09/25/2026,20,1,FO_FORMOSA12,RN,51.75,N
09/25/2026,20,1,FO_FORMOSG1,PCCRN,51.75,N
09/25/2026,20,1,FO_FORMOSG10,PCCRN,51.75,N
09/25/2026,20,1,FO_FORMOSG13,PCCRN,51.75,N
09/25/2026,20,1,FO_FORMOSG14,PCCRN,51.75,N
09/25/2026,20,1,FO_FORMOSG15,PCCRN,51.75,N
09/25/2026,20,1,FO_FORMOSG2,PCCRN,51.75,N
09/25/2026,20,1,FO_FORMOSG3,PCCRN,51.75,N
09/25/2026,20,1,FO_FORMOSG4,PCCRN,51.75,N
09/25/2026,20,1,FO_FORMOSG5,PCCRN,51.75,N
09/25/2026,20,1,FO_FORMOSG6,PCCRN,51.75,N
09/25/2026,20,1,FO_FORMOSG7,PCCRN,51.75,N
09/25/2026,20,1,FO_FORMOSG8,RN,51.75,N
09/25/2026,20,1,FO_FORMOSG9,PCCRN,51.75,N
09/25/2026,20,1,FPPYD_FPP_G1,RN,52.56,N
09/25/2026,20,1,FPPYD_FPP_G2,RN,52.56,N
09/25/2026,20,1,FPPYD_FPP_G3,RN,52.56,N
09/25/2026,20,1,FREC_1_CCU,PCCRN,53.04,N
09/25/2026,20,1,FREC_2_CCU,PCCRN,53.07,N
09/25/2026,20,1,FREC_CC1,LCCRN,53.04,N
09/25/2026,20,1,FREC_CC2,LCCRN,53.07,N
09/25/2026,20,1,FRMRSVLW_RN,RN,52.86,N
09/25/2026,20,1,FRMR_BS2_RN1,RN,52.86,N
09/25/2026,20,1,FRNYPP_1_CCU,PCCRN,52.88,N
09/25/2026,20,1,FRNYPP_2_CCU,PCCRN,52.88,N
09/25/2026,20,1,FRNYPP_CC1,LCCRN,52.88,N
09/25/2026,20,1,FRNYPP_CC2,LCCRN,52.88,N
09/25/2026,20,1,FRONT_EC_CC1,LCCRN,51.09,N
09/25/2026,20,1,FRONT_EC_RN1,PCCRN,51.09,N
09/25/2026,20,1,FRONT_EC_RN2,PCCRN,51.09,N
09/25/2026,20,1,FRONT_EC_RN3,PCCRN,51.09,N
09/25/2026,20,1,FRYE_SLR_ALL,RN,50.87,N
09/25/2026,20,1,FTDUNCAN_RN,RN,55.25,N
09/25/2026,20,1,FTR_CC1,LCCRN,53.72,N
09/25/2026,20,1,FTR_FTR_G1_4,PCCRN,53.72,N
09/25/2026,20,1,FTWIND_UNIT1,RN,54.1,N
09/25/2026,20,1,FWLR_SLR_1,RN,57.77,N
09/25/2026,20,1,GAIA_SLR_RN,RN,52.99,N
09/25/2026,20,1,GALO_RN1,RN,55.45,N
09/25/2026,20,1,GAMBIT_RN,RN,52.07,N
09/25/2026,20,1,GARC_BESS_RN,RN,50.82,N
09/25/2026,20,1,GBY_GT,RN,52.99,N
09/25/2026,20,1,GID_GIDEONG1,RN,52.77,N
09/25/2026,20,1,GID_GIDEONG2,RN,52.77,N
09/25/2026,20,1,GID_GIDEONG3,RN,52.77,N
09/25/2026,20,1,GIGA_ESS_RN,RN,52.91,N
09/25/2026,20,1,GKS_BESS_RN,RN,51.18,N
09/25/2026,20,1,GOA_GOATWIND,RN,57.13,N
09/25/2026,20,1,GODY_SLR_RN,RN,52.83,N
09/25/2026,20,1,GOLINDA_UN1,RN,52.99,N
09/25/2026,20,1,GOMZ_RN,RN,57.94,N
09/25/2026,20,1,GOODNIT1_ALL,RN,50.89,N
09/25/2026,20,1,GOODWIN_ESR,RN,51.06,N
09/25/2026,20,1,GPASTURE_ALL,RN,53.09,N
09/25/2026,20,1,GRANDVW1_A_B,RN,50.94,N
09/25/2026,20,1,GRAN_SLR_RN,RN,52.98,N
09/25/2026,20,1,GRDNE_ESR_RN,RN,58.86,N
09/25/2026,20,1,GREASWOD_ALL,RN,57.57,N
09/25/2026,20,1,GREGORY_RN,RN,51.71,N
09/25/2026,20,1,GRIF_TRL_RN,RN,50.26,N
09/25/2026,20,1,GRIM_SLR_RN,RN,53.65,N
09/25/2026,20,1,GRND_SLR_RN,RN,57.84,N
09/25/2026,20,1,GRSES_UNIT1,RN,53.72,N
09/25/2026,20,1,GRSES_UNIT2,RN,53.63,N
09/25/2026,20,1,GRYH_SLR_RN,RN,58.41,N
09/25/2026,20,1,GUADG_CC1,LCCRN,52.66,N
09/25/2026,20,1,GUADG_CC2,LCCRN,52.66,N
09/25/2026,20,1,GUADG_CCU1,PCCRN,52.66,N
09/25/2026,20,1,GUADG_CCU2,PCCRN,52.66,N
09/25/2026,20,1,GUNMTN_NODE,RN,62.9,N
09/25/2026,20,1,GUNR_RN,RN,51.15,N
09/25/2026,20,1,GWEC_G1,RN,53.43,N
09/25/2026,20,1,GZ_RN,RN,53.39,N
09/25/2026,20,1,HALO_RN1,RN,53.09,N
09/25/2026,20,1,HAMI_BESS_RN,RN,55.3,N
09/25/2026,20,1,HARLIN_1_RN,RN,51.25,N
09/25/2026,20,1,HART_WND_RN,RN,51.27,N
09/25/2026,20,1,HAYSEN1_2,RN,52.75,N
09/25/2026,20,1,HAYSEN3_4,RN,52.75,N
09/25/2026,20,1,HB_BUSAVG,SH,52.68,N
09/25/2026,20,1,HB_HOUSTON,HU,52.73,N
09/25/2026,20,1,HB_HUBAVG,AH,53.22,N
09/25/2026,20,1,HB_NORTH,HU,52.09,N
09/25/2026,20,1,HB_PAN,HU,50.73,N
09/25/2026,20,1,HB_SOUTH,HU,52.33,N
09/25/2026,20,1,HB_WEST,HU,55.72,N
09/25/2026,20,1,HDNLAKES_RN,RN,51.32,N
09/25/2026,20,1,HEADCAMP_RN,RN,57.52,N
09/25/2026,20,1,HEARN_RD_RN,RN,51.7,N
09/25/2026,20,1,HELIOS_RN,RN,53.92,N
09/25/2026,20,1,HEN_RN,RN,49.13,N
09/25/2026,20,1,HHGT_KENDAL,RN,53.31,N
09/25/2026,20,1,HHOLLW2_WND1,RN,56.06,N
09/25/2026,20,1,HHOLLW3_WND1,RN,56.06,N
09/25/2026,20,1,HHOLLW4_WND1,RN,56.06,N
09/25/2026,20,1,HICK_G1_G2,RN,57,N
09/25/2026,20,1,HI_LONEB_RN1,RN,57.32,N
09/25/2026,20,1,HI_LONE_ALL,RN,57.32,N
09/25/2026,20,1,HKSN_SLR_ALL,RN,51.24,N
09/25/2026,20,1,HLSES_UNIT3,RN,52.88,N
09/25/2026,20,1,HLSES_UNIT4,RN,52.88,N
09/25/2026,20,1,HLSES_UNIT5,RN,52.88,N
09/25/2026,20,1,HLY_RN,RN,52.85,N
09/25/2026,20,1,HMNG_ESS_RN,RN,52.7,N
09/25/2026,20,1,HNY_COMB_RN,RN,52.1,N
09/25/2026,20,1,HOLCOMB_RN1,RN,53.41,N
09/25/2026,20,1,HOLSTEIN_ALL,RN,56.08,N
09/25/2026,20,1,HOLZ_SLR_RN,RN,58.48,N
09/25/2026,20,1,HOL_ALL,RN,50.98,N
09/25/2026,20,1,HONEY_WD_RN,RN,57.35,N
09/25/2026,20,1,HOPKNSLR_ALL,RN,52.84,N
09/25/2026,20,1,HORSCR_RN,RN,57.69,N
09/25/2026,20,1,HORSECRK_RN,RN,49.77,N
09/25/2026,20,1,HOUSEMTN_RN,RN,57.72,N
09/25/2026,20,1,HOVEY_GEN,RN,57.92,N
09/25/2026,20,1,HRBESS_BESS,RN,57.92,N
09/25/2026,20,1,HRFDWIND_ALL,RN,51.05,N
09/25/2026,20,1,HRMS_SLR_RN,RN,53.03,N
09/25/2026,20,1,HRNT_SLR_RN,RN,51.05,N
09/25/2026,20,1,HRZN_SLR_UN1,RN,53.38,N
09/25/2026,20,1,HV_BESS1_RN,RN,53.39,N
09/25/2026,20,1,HWF_HWFG1,RN,54.85,N
09/25/2026,20,1,HWY6_RN,RN,53.61,N
09/25/2026,20,1,HYDR_ESS_RN,RN,57.53,N
09/25/2026,20,1,H_HOLLO_WND1,RN,56.06,N
09/25/2026,20,1,IMP_RN1,RN,52.83,N
09/25/2026,20,1,INDNENR_1_RN,RN,57.52,N
09/25/2026,20,1,INDNENR_2_RN,RN,57.61,N
09/25/2026,20,1,INDNNWP_RN,RN,57.57,N
09/25/2026,20,1,IND_INADALE1,RN,56.96,N
09/25/2026,20,1,INGLCOSW_CC1,LCCRN,51.68,N
09/25/2026,20,1,INGLCOSW_STG,PCCRN,51.68,N
09/25/2026,20,1,INGLCOS_CTG1,PCCRN,51.68,N
09/25/2026,20,1,INGLCOS_CTG2,PCCRN,51.68,N
09/25/2026,20,1,INGLCO_PUN1,PUN,51.68,N
09/25/2026,20,1,INGLCO_PUN2,PUN,51.68,N
09/25/2026,20,1,INGLCO_PUN3,PUN,51.68,N
09/25/2026,20,1,INKS_INKS_G1,RN,53.22,N
09/25/2026,20,1,INRT_W_ALL,RN,49.51,N
09/25/2026,20,1,JACKCNTY_CC1,LCCRN,52.94,N
09/25/2026,20,1,JACKCNTY_CT1,PCCRN,52.94,N
09/25/2026,20,1,JACKCNTY_CT2,PCCRN,52.94,N
09/25/2026,20,1,JACKCNTY_STG,PCCRN,52.94,N
09/25/2026,20,1,JADE_SLR_ALL,RN,45.01,N
09/25/2026,20,1,JAD_RN,RN,52.85,N
09/25/2026,20,1,JAG_SLR_RN,RN,52.69,N
09/25/2026,20,1,JAR_RN,RN,50.12,N
09/25/2026,20,1,JAY_RN_1,RN,49.57,N
09/25/2026,20,1,JCKCNTY2_CC1,LCCRN,52.6,N
09/25/2026,20,1,JCKCNTY2_CT3,PCCRN,52.6,N
09/25/2026,20,1,JCKCNTY2_CT4,PCCRN,52.6,N
09/25/2026,20,1,JCKCNTY2_ST2,PCCRN,52.6,N
09/25/2026,20,1,JC_BAT_RN,RN,53.09,N
09/25/2026,20,1,JDKNS_RN,RN,58.33,N
09/25/2026,20,1,JKLP_SLR_RN,RN,51.68,N
09/25/2026,20,1,JUNCTION_RN,RN,54.81,N
09/25/2026,20,1,JUNG_SLR_RN,RN,53.04,N
09/25/2026,20,1,JUNORTH_RN,RN,54.81,N
09/25/2026,20,1,JUNO_ALL,RN,57.31,N
09/25/2026,20,1,K2_DGR1_RN,RN,52.71,N
09/25/2026,20,1,K2_DGR2_RN,RN,52.71,N
09/25/2026,20,1,KARAKAW1_1,RN,51.89,N
09/25/2026,20,1,KARAKAW2_1,RN,51.89,N
09/25/2026,20,1,KEECHI_U1,RN,52.94,N
09/25/2026,20,1,KEG_RN,RN,54.16,N
09/25/2026,20,1,KELAMSL_U1,RN,52.98,N
09/25/2026,20,1,KEO_KEO_SM1,RN,57.69,N
09/25/2026,20,1,KINGE_ALL,RN,57.7,N
09/25/2026,20,1,KINGW_ALL,RN,57.76,N
09/25/2026,20,1,KLEIMA_RN,RN,52.48,N
09/25/2026,20,1,KMCHI_CC1,LCCRN,52.82,N
09/25/2026,20,1,KMCHI_CC2,LCCRN,52.82,N
09/25/2026,20,1,KNAPP_RN,RN,119.72,N
09/25/2026,20,1,LACASAWD_RN,RN,54.28,N
09/25/2026,20,1,LACY_CRK_ALL,RN,57.58,N
09/25/2026,20,1,LAMESASLR_G,RN,70.08,N
09/25/2026,20,1,LANTANA_RN,RN,51.69,N
09/25/2026,20,1,LAPETUS_U1,RN,59.33,N
09/25/2026,20,1,LARDVFTN_G4,RN,49.9,N
09/25/2026,20,1,LARDVFTN_G5,RN,49.9,N
09/25/2026,20,1,LASSO_GEN,RN,57.72,N
09/25/2026,20,1,LAUR_BESS_RN,RN,51.25,N
09/25/2026,20,1,LBRA_BES1,RN,52.54,N
09/25/2026,20,1,LEAKEY_RN,RN,53.68,N
09/25/2026,20,1,LEG_LEG_G1,RN,53.29,N
09/25/2026,20,1,LEG_LEG_G2,RN,53.29,N
09/25/2026,20,1,LEONLCPCT1_2,RN,52.74,N
09/25/2026,20,1,LEONLCPCT3_4,RN,52.74,N
09/25/2026,20,1,LEON_SLR_RN,RN,53.14,N
09/25/2026,20,1,LFSTH_RN,RN,52.95,N
09/25/2026,20,1,LGDRAW_S_ALL,RN,57.31,N
09/25/2026,20,1,LGD_LANGFORD,RN,56.46,N
09/25/2026,20,1,LGE_CC1,LCCRN,51.68,N
09/25/2026,20,1,LGE_LGE_GT1,PCCRN,51.68,N
09/25/2026,20,1,LGE_LGE_GT2,PCCRN,51.68,N
09/25/2026,20,1,LGE_LGE_STG,PCCRN,51.68,N
09/25/2026,20,1,LGW_UNIT_ALL,RN,53.76,N
09/25/2026,20,1,LHM_CVC_G4,RN,52.85,N
09/25/2026,20,1,LHM_PUN1,PUN,52.85,N
09/25/2026,20,1,LHM_PUN2,PUN,52.85,N
09/25/2026,20,1,LHORN_N_U1_2,RN,50.77,N
09/25/2026,20,1,LHSES_UNIT1,RN,52.87,N
09/25/2026,20,1,LHSES_UNIT2,RN,52.87,N
09/25/2026,20,1,LIGSW_RN,RN,52.85,N
09/25/2026,20,1,LIG_RN,RN,52.84,N
09/25/2026,20,1,LILY_RN,RN,52.91,N
09/25/2026,20,1,LK_RN,RN,53.19,N
09/25/2026,20,1,LMAJADAS_ALL,RN,51.29,N
09/25/2026,20,1,LMO_ESR_RN,RN,53.72,N
09/25/2026,20,1,LMWD_SLR_RN,RN,53.03,N
09/25/2026,20,1,LNCRK_ALL,RN,55.21,N
09/25/2026,20,1,LONESTAR_RN,RN,58.21,N
09/25/2026,20,1,LONEWOLF_ALL,RN,57.46,N
09/25/2026,20,1,LON_RN1,RN,51.68,N
09/25/2026,20,1,LOSTPI_CC1,LCCRN,52.73,N
09/25/2026,20,1,LOS_LOSTPGT1,PCCRN,52.73,N
09/25/2026,20,1,LOS_LOSTPGT2,PCCRN,52.73,N
09/25/2026,20,1,LOS_LOSTPST1,PCCRN,52.73,N
09/25/2026,20,1,LOWR_ESS_RN,RN,51.16,N
09/25/2026,20,1,LPCCS_CC1,LCCRN,52.83,N
09/25/2026,20,1,LPCCS_CC2,LCCRN,52.83,N
09/25/2026,20,1,LPCCS_CT11,PCCRN,52.83,N
09/25/2026,20,1,LPCCS_CT12,PCCRN,52.83,N
09/25/2026,20,1,LPCCS_CT21,PCCRN,52.83,N
09/25/2026,20,1,LPCCS_CT22,PCCRN,52.83,N
09/25/2026,20,1,LPCCS_UNIT1,PCCRN,52.83,N
09/25/2026,20,1,LPCCS_UNIT2,PCCRN,52.83,N
09/25/2026,20,1,LUCKYBLU_RN,RN,53.57,N
09/25/2026,20,1,LV1A_LV1B,RN,51.28,N
09/25/2026,20,1,LV3_RN,RN,51.05,N
09/25/2026,20,1,LV4_UNIT_1,RN,51.02,N
09/25/2026,20,1,LV5_UNIT1,RN,50.93,N
09/25/2026,20,1,LYNX_ESS_RN,RN,51.64,N
09/25/2026,20,1,LYSSY_RN,RN,52.65,N
09/25/2026,20,1,LZ_AEN,LZ,52.86,N
09/25/2026,20,1,LZ_AEN,LZEW,52.86,N
09/25/2026,20,1,LZ_CPS,LZEW,52.74,N
09/25/2026,20,1,LZ_CPS,LZ,52.75,N
09/25/2026,20,1,LZ_HOUSTON,LZEW,52.71,N
09/25/2026,20,1,LZ_HOUSTON,LZ,52.71,N
09/25/2026,20,1,LZ_LCRA,LZ,52.92,N
09/25/2026,20,1,LZ_LCRA,LZEW,52.92,N
09/25/2026,20,1,LZ_NORTH,LZEW,52.93,N
09/25/2026,20,1,LZ_NORTH,LZ,52.93,N
09/25/2026,20,1,LZ_RAYBN,LZEW,52.86,N
09/25/2026,20,1,LZ_RAYBN,LZ,52.86,N
09/25/2026,20,1,LZ_SOUTH,LZEW,52.14,N
09/25/2026,20,1,LZ_SOUTH,LZ,52.14,N
09/25/2026,20,1,LZ_WEST,LZEW,57.6,N
09/25/2026,20,1,LZ_WEST,LZ,57.59,N
09/25/2026,20,1,L_FRE_ESR_RN,RN,51.25,N
09/25/2026,20,1,MADERO_RN,RN,51.12,N
09/25/2026,20,1,MAG_RN,RN,51.06,N
09/25/2026,20,1,MAINLAND_RN,RN,51.08,N
09/25/2026,20,1,MAND_SLR_RN,RN,53.19,N
09/25/2026,20,1,MARBFA,RN,52.91,N
09/25/2026,20,1,MARIAH_ALL,RN,51.05,N
09/25/2026,20,1,MAR_MARSFOG1,RN,52.91,N
09/25/2026,20,1,MAR_MARSFOG2,RN,52.91,N
09/25/2026,20,1,MAR_MARSFOG3,RN,52.91,N
09/25/2026,20,1,MASSENGL_G6,RN,52.99,N
09/25/2026,20,1,MASSENGL_G7,RN,52.99,N
09/25/2026,20,1,MASSENGL_G8,RN,52.77,N
09/25/2026,20,1,MAVCRK_W_ALL,RN,55.45,N
09/25/2026,20,1,MCDLD_FCSBW1,RN,59.17,N
09/25/2026,20,1,MCLNSLR_RN,RN,55.68,N
09/25/2026,20,1,MCSES_UNIT6,RN,52.88,N
09/25/2026,20,1,MCSES_UNIT7,RN,52.88,N
09/25/2026,20,1,MCSES_UNIT8,RN,52.88,N
09/25/2026,20,1,MDANP_CT1_2,RN,52.91,N
09/25/2026,20,1,MDANP_CT3_4,RN,52.91,N
09/25/2026,20,1,MDANP_CT5_6,RN,52.91,N
09/25/2026,20,1,MDWPK_RN,RN,52.81,N
09/25/2026,20,1,MEDILA_RN,RN,53.03,N
09/25/2026,20,1,MEDINA1_RN,RN,53.25,N
09/25/2026,20,1,MERCURY_ALL,RN,52.37,N
09/25/2026,20,1,MESQCRK_ALL,RN,57.31,N
09/25/2026,20,1,MESQUITE_RN,RN,51.23,N
09/25/2026,20,1,MESQUITE_RN2,RN,51.23,N
09/25/2026,20,1,MESTENO_RN,RN,51.02,N
09/25/2026,20,1,MGSES_CT123,RN,57.81,N
09/25/2026,20,1,MGSES_CT456,RN,57.81,N
09/25/2026,20,1,MIAM1_G1_G2,RN,50.98,N
09/25/2026,20,1,MIDP_SLR_RN,RN,53.01,N
09/25/2026,20,1,MIDWY_RN,RN,58.42,N
09/25/2026,20,1,MILTON_RN,RN,52.56,N
09/25/2026,20,1,MIL_MILG1_2,RN,53.24,N
09/25/2026,20,1,MIL_MILG345,RN,53.24,N
09/25/2026,20,1,MIRAGE_G1,RN,52,N
09/25/2026,20,1,MIRASOLE_GEN,RN,51.1,N
09/25/2026,20,1,MISAE_GEN_RN,RN,51.11,N
09/25/2026,20,1,MLB_SLR_RN,RN,49.25,N
09/25/2026,20,1,MLSES_UNIT1,RN,22.1,N
09/25/2026,20,1,MLSES_UNIT2,RN,22.1,N
09/25/2026,20,1,MLSES_UNIT3,RN,22.1,N
09/25/2026,20,1,MNWL_BESS_RN,RN,53.06,N
09/25/2026,20,1,MONTECR1_RN,RN,51.15,N
09/25/2026,20,1,MONT_WND_RN,RN,50.61,N
09/25/2026,20,1,MOORE_FL_RN,RN,51.12,N
09/25/2026,20,1,MOZART_WIND1,RN,55.83,N
09/25/2026,20,1,MRKM_SLR_RN,RN,53.08,N
09/25/2026,20,1,MROW_SLR_RN,RN,53.38,N
09/25/2026,20,1,MUENSTER_RN,RN,52.84,N
09/25/2026,20,1,MUSTNGCK_ALL,RN,52,N
09/25/2026,20,1,MU_RN,RN,51.78,N
09/25/2026,20,1,MV_VALV4_RN,RN,51.16,N
09/25/2026,20,1,MWEC_G1,RN,52.19,N
09/25/2026,20,1,MYRY_BES2_RN,RN,51.11,N
09/25/2026,20,1,MYRY_ESR_RN,RN,51.11,N
09/25/2026,20,1,MYR_ALL,RN,51.63,N
09/25/2026,20,1,NACPW_UNIT1,RN,52.95,N
09/25/2026,20,1,NBOHR_RN,RN,57.63,N
09/25/2026,20,1,NCARBIDEG8,RN,51.84,N
09/25/2026,20,1,NCARBIDE_1_7,RN,51.84,N
09/25/2026,20,1,NCARBID_PUN1,PUN,51.84,N
09/25/2026,20,1,NCARBID_PUN2,PUN,51.84,N
09/25/2026,20,1,NCO_RN,RN,52.07,N
09/25/2026,20,1,NEBULA_RN,RN,51.24,N
09/25/2026,20,1,NEDIN_CC1,LCCRN,51.14,N
09/25/2026,20,1,NEDIN_RN,RN,51.14,N
09/25/2026,20,1,NED_NEDIN_G1,PCCRN,51.14,N
09/25/2026,20,1,NED_NEDIN_G2,PCCRN,51.14,N
09/25/2026,20,1,NED_NEDIN_G3,PCCRN,51.14,N
09/25/2026,20,1,NFAL_RN,RN,53.93,N
09/25/2026,20,1,NF_BRP_RN,RN,53.02,N
09/25/2026,20,1,NHKY_SLR_RN,RN,51.63,N
09/25/2026,20,1,NOBLESLR_ALL,RN,52.7,N
09/25/2026,20,1,NOVA1SLR_ALL,RN,46.82,N
09/25/2026,20,1,NOVA2S_UNIT1,RN,46.82,N
09/25/2026,20,1,NRTN_SLR_RN,RN,56.31,N
09/25/2026,20,1,NUECES_B_CC1,LCCRN,51.68,N
09/25/2026,20,1,NUE_NUECESG7,PCCRN,51.68,N
09/25/2026,20,1,NUE_NUECESG8,PCCRN,51.68,N
09/25/2026,20,1,NUE_NUECESG9,PCCRN,51.68,N
09/25/2026,20,1,NWF_NWF1,RN,58.7,N
09/25/2026,20,1,N_AL_BESS_RN,RN,51.15,N
09/25/2026,20,1,N_MRD_ESR_RN,RN,51.19,N
09/25/2026,20,1,OBERON_U1,RN,58.42,N
09/25/2026,20,1,ODESW_RN,RN,58.43,N
09/25/2026,20,1,OECCS_1,PCCRN,58.32,N
09/25/2026,20,1,OECCS_2,PCCRN,58.32,N
09/25/2026,20,1,OECCS_CC1,LCCRN,58.32,N
09/25/2026,20,1,OECCS_CC2,LCCRN,58.32,N
09/25/2026,20,1,OGSES_1,RN,53.37,N
09/25/2026,20,1,OGSES_2,RN,53.37,N
09/25/2026,20,1,OGS_SLR_RN,RN,51.95,N
09/25/2026,20,1,OLIN_OLING_1,RN,52.86,N
09/25/2026,20,1,OLIN_OLING_2,RN,52.86,N
09/25/2026,20,1,OLIN_OLING_3,RN,52.86,N
09/25/2026,20,1,OLIN_OLING_4,RN,52.86,N
09/25/2026,20,1,OLMITO_RN,RN,51.24,N
09/25/2026,20,1,OLNEYTN_AGR1,RN,53.33,N
09/25/2026,20,1,OLNEYTN_RN,RN,53.33,N
09/25/2026,20,1,ORIANA_RN,RN,52,N
09/25/2026,20,1,OR_BESS_RN,RN,53.46,N
09/25/2026,20,1,OUTP_SLR_RN,RN,50.56,N
09/25/2026,20,1,OWF_OWF,RN,58.99,N
09/25/2026,20,1,OXY_OXY_CCG1,RN,51.69,N
09/25/2026,20,1,OXY_PUN1,PUN,51.69,N
09/25/2026,20,1,OXY_PUN2,PUN,51.69,N
09/25/2026,20,1,OYST_SLR_RN,RN,52.87,N
09/25/2026,20,1,P2_DGR1_RN,RN,52.72,N
09/25/2026,20,1,P2_DGR2_RN,RN,52.72,N
09/25/2026,20,1,PAD1_ESS_RN,RN,52.73,N
09/25/2026,20,1,PAD2_ESS_RN,RN,52.73,N
09/25/2026,20,1,PALACIOS_RN,RN,51.66,N
09/25/2026,20,1,PALE_ESS_EN,RN,52.04,N
09/25/2026,20,1,PALMVIEW_RN,RN,51.1,N
09/25/2026,20,1,PALMWI_UNIT1,RN,51.28,N
09/25/2026,20,1,PANDA_S_CC1,LCCRN,52.81,N
09/25/2026,20,1,PANDA_S_CT1,PCCRN,52.81,N
09/25/2026,20,1,PANDA_S_CT2,PCCRN,52.81,N
09/25/2026,20,1,PANDA_S_ST1,PCCRN,52.81,N
09/25/2026,20,1,PANDA_T1_CC1,LCCRN,53.05,N
09/25/2026,20,1,PANDA_T1_CT1,PCCRN,53.05,N
09/25/2026,20,1,PANDA_T1_CT2,PCCRN,53.05,N
09/25/2026,20,1,PANDA_T1_ST1,PCCRN,53.05,N
09/25/2026,20,1,PANDA_T2_CC1,LCCRN,53.05,N
09/25/2026,20,1,PANDA_T2_CT1,PCCRN,53.05,N
09/25/2026,20,1,PANDA_T2_CT2,PCCRN,53.05,N
09/25/2026,20,1,PANDA_T2_ST1,PCCRN,53.05,N
09/25/2026,20,1,PAP1_PAP1,RN,51.68,N
09/25/2026,20,1,PAR_RN,RN,54.13,N
09/25/2026,20,1,PAULN_RN,RN,52.98,N
09/25/2026,20,1,PAVLOV_BT_RN,RN,51.67,N
09/25/2026,20,1,PAVLOV_RN,RN,51.67,N
09/25/2026,20,1,PAVO_ESS_ALL,RN,57.69,N
09/25/2026,20,1,PB2SES_CT1,RN,58.29,N
09/25/2026,20,1,PB2SES_CT2,RN,58.29,N
09/25/2026,20,1,PB2SES_CT3,RN,58.29,N
09/25/2026,20,1,PB2SES_CT4,RN,58.29,N
09/25/2026,20,1,PB2SES_CT5,RN,58.29,N
09/25/2026,20,1,PCT_RN,RN,50.94,N
09/25/2026,20,1,PC_NORTH_1,RN,58.1,N
09/25/2026,20,1,PC_SOUTH_ALL,RN,58.1,N
09/25/2026,20,1,PDRA_SLR_RN,RN,53.16,N
09/25/2026,20,1,PEARSALL_RN,RN,53.38,N
09/25/2026,20,1,PEARSA_1_24,RN,53.38,N
09/25/2026,20,1,PENA_ALL,RN,51.37,N
09/25/2026,20,1,PERE_SLR_RN,RN,51.81,N
09/25/2026,20,1,PEY_RN,RN,50.94,N
09/25/2026,20,1,PG_RN,RN,52.25,N
09/25/2026,20,1,PH1_UNIT1_2,RN,50.96,N
09/25/2026,20,1,PH2_U1_U2,RN,50.96,N
09/25/2026,20,1,PHILLWND_ALL,RN,52.62,N
09/25/2026,20,1,PHOEBE_ALL,RN,58.4,N
09/25/2026,20,1,PHOENIX_RN,RN,52.83,N
09/25/2026,20,1,PHO_ALL,RN,51.05,N
09/25/2026,20,1,PINEFRST_RN,RN,52.84,N
09/25/2026,20,1,PINN_SLR_RN,RN,53.39,N
09/25/2026,20,1,PIN_BESS_RN,RN,51.65,N
09/25/2026,20,1,PIONR_DJ_RN,RN,58.44,N
09/25/2026,20,1,PIRATE_RN,RN,51.82,N
09/25/2026,20,1,PISG_RN_ALL,RN,53,N
09/25/2026,20,1,PITSDD_UNIT1,RN,53.02,N
09/25/2026,20,1,PLATINUM_RN,RN,52.82,N
09/25/2026,20,1,PLN_ALL,RN,50.89,N
09/25/2026,20,1,PNPI_GT2_RN,RN,52.63,N
09/25/2026,20,1,PORTSL_UNIT1,RN,52.7,N
09/25/2026,20,1,POTEETS_RN,RN,52.93,N
09/25/2026,20,1,POTSVIL_RN,RN,53.45,N
09/25/2026,20,1,PPEC_RN,RN,53.04,N
09/25/2026,20,1,PRCRK_RN,RN,52.87,N
09/25/2026,20,1,PRID_RN,RN,54.37,N
09/25/2026,20,1,PROSPERO_ALL,RN,58.81,N
09/25/2026,20,1,PRO_RN,RN,52.46,N
09/25/2026,20,1,PRSPERO2_ALL,RN,58.81,N
09/25/2026,20,1,PR_PR_ALL,RN,52.74,N
09/25/2026,20,1,PSA_CC1,LCCRN,52.8,N
09/25/2026,20,1,PSA_PSA_G1,PCCRN,52.78,N
09/25/2026,20,1,PSA_PSA_G2,PCCRN,52.78,N
09/25/2026,20,1,PSA_PSA_G3,PCCRN,52.78,N
09/25/2026,20,1,PSA_PSA_G4,PCCRN,52.78,N
09/25/2026,20,1,PSA_PSA_G5,PCCRN,52.81,N
09/25/2026,20,1,PSA_PSA_G6,PCCRN,52.84,N
09/25/2026,20,1,PSA_PSA_G7,PCCRN,52.84,N
09/25/2026,20,1,PSA_PUN1,PUN,52.84,N
09/25/2026,20,1,PSA_PUN2,PUN,52.84,N
09/25/2026,20,1,PSA_PUN3,PUN,52.78,N
09/25/2026,20,1,PSA_PUN4,PUN,52.78,N
09/25/2026,20,1,PSA_PUN5,PUN,52.84,N
09/25/2026,20,1,PSG_CC1,LCCRN,52.58,N
09/25/2026,20,1,PSG_PSG_GT2,PCCRN,52.58,N
09/25/2026,20,1,PSG_PSG_GT3,PCCRN,52.58,N
09/25/2026,20,1,PSG_PSG_ST1,PCCRN,52.58,N
09/25/2026,20,1,PTLBES_BESS1,RN,51.83,N
09/25/2026,20,1,PYOTE_RN,RN,58.22,N
09/25/2026,20,1,PYR_PYRON1,RN,56.96,N
09/25/2026,20,1,Q1_DGR1_RN,RN,52.75,N
09/25/2026,20,1,QALSW_ALL,PCCRN,58.32,N
09/25/2026,20,1,QALSW_CC1,LCCRN,58.32,N
09/25/2026,20,1,QALSW_CC2,LCCRN,58.32,N
09/25/2026,20,1,QUEEN_BA_RN,RN,57.84,N
09/25/2026,20,1,QUEEN_SL_RN,RN,57.84,N
09/25/2026,20,1,RAB_G1-8,RN,51.81,N
09/25/2026,20,1,RADN_SLR_ALL,RN,54.97,N
09/25/2026,20,1,RAMBLER_UNIT,RN,56.49,N
09/25/2026,20,1,RANCHERO_ALL,RN,57.16,N
09/25/2026,20,1,RAT_RN_1,RN,56.33,N
09/25/2026,20,1,RAYBURN_CC1,LCCRN,52.05,N
09/25/2026,20,1,RAYB_G78910,PCCRN,52.05,N
09/25/2026,20,1,RBN_BESS1,RN,53.75,N
09/25/2026,20,1,RDCAN_RDCNY1,RN,52.46,N
09/25/2026,20,1,REDBARN_RN,RN,57.53,N
09/25/2026,20,1,REDFISH_ALL,RN,51.3,N
09/25/2026,20,1,REDGATE_RN,RN,51.14,N
09/25/2026,20,1,RELOJ_ALL,RN,50.73,N
09/25/2026,20,1,REROCK_ALL,RN,57.92,N
09/25/2026,20,1,RHESS2_ESS1,RN,53.01,N
09/25/2026,20,1,RIGGIN_UNIT1,RN,57.46,N
09/25/2026,20,1,RIOG_ESR2_RN,RN,50.87,N
09/25/2026,20,1,RIOG_ESR_RN,RN,50.87,N
09/25/2026,20,1,RIONOG_CC1,LCCRN,52.71,N
09/25/2026,20,1,RIONOG_CT1,PCCRN,52.71,N
09/25/2026,20,1,RIONOG_CT2,PCCRN,52.71,N
09/25/2026,20,1,RIONOG_CT3,PCCRN,52.71,N
09/25/2026,20,1,RIONOG_ST1,PCCRN,52.71,N
09/25/2026,20,1,RIPPEY_ALL,RN,52.83,N
09/25/2026,20,1,RN_APOGEE,RN,53.95,N
09/25/2026,20,1,RN_BYU_G8,PCCRN,51.96,N
09/25/2026,20,1,RN_BY_ESR1,RN,53.14,N
09/25/2026,20,1,RN_DEC_AGR_A,RN,52.78,N
09/25/2026,20,1,RN_DEC_AGR_B,RN,52.78,N
09/25/2026,20,1,RN_DEC_AGR_C,RN,52.78,N
09/25/2026,20,1,RN_DEC_AGR_D,RN,52.78,N
09/25/2026,20,1,RN_ECEC_HOLT,RN,58.78,N
09/25/2026,20,1,RN_LNP_SLR,RN,52.2,N
09/25/2026,20,1,RN_OCI_ALAMO,RN,52.75,N
09/25/2026,20,1,RN_PAD3_ESS,RN,52.73,N
09/25/2026,20,1,RN_QTUM_SLR,RN,49.45,N
09/25/2026,20,1,RN_RHN_ESR,RN,52.86,N
09/25/2026,20,1,RN_RTS1,RN,55.22,N
09/25/2026,20,1,RN_SOLC_SLR,RN,55.09,N
09/25/2026,20,1,RN_SR_WIND1,RN,51.25,N
09/25/2026,20,1,RN_TOSBATT,RN,59.21,N
09/25/2026,20,1,ROSELAND_ALL,RN,52.93,N
09/25/2026,20,1,ROUTE66_RN,RN,50.94,N
09/25/2026,20,1,ROW_ALL,RN,51.59,N
09/25/2026,20,1,RPUBRDS_RN,RN,53.39,N
09/25/2026,20,1,RRANCHES_ALL,RN,58.16,N
09/25/2026,20,1,RRC_WIND_ALL,RN,51.13,N
09/25/2026,20,1,RSK_RN,RN,57.63,N
09/25/2026,20,1,RTLSNAKE_BT,RN,58.18,N
09/25/2026,20,1,RUSSEKST_RN,RN,57.01,N
09/25/2026,20,1,RVN_RN,RN,53.32,N
09/25/2026,20,1,RVRVLYS_ALL,RN,52.95,N
09/25/2026,20,1,SADLBACK_RN,RN,58.09,N
09/25/2026,20,1,SADLBACK_RN2,RN,58.09,N
09/25/2026,20,1,SADLBCK_AGR1,RN,58.09,N
09/25/2026,20,1,SAH_RN,RN,50.12,N
09/25/2026,20,1,SALVTION_GEN,RN,49.77,N
09/25/2026,20,1,SAMSON_ALL,RN,52.84,N
09/25/2026,20,1,SANDHSYD1_2,RN,52.83,N
09/25/2026,20,1,SANDHSYD3_4,RN,52.83,N
09/25/2026,20,1,SANDHSYD6_7,RN,52.83,N
09/25/2026,20,1,SANDHSYD_5AC,PCCRN,52.83,N
09/25/2026,20,1,SANDHSYD_CC1,LCCRN,52.83,N
09/25/2026,20,1,SANDLAKE_RN,RN,58.1,N
09/25/2026,20,1,SANTACRU_ALL,RN,51.59,N
09/25/2026,20,1,SAN_SANMIGG1,RN,52.48,N
09/25/2026,20,1,SBEAN_BESS,RN,58.14,N
09/25/2026,20,1,SBE_RN_1,RN,53.15,N
09/25/2026,20,1,SC2SES_UNIT1,RN,52.95,N
09/25/2026,20,1,SCES_UNIT1,RN,52.86,N
09/25/2026,20,1,SCLP_PUN1,PUN,52.07,N
09/25/2026,20,1,SCLP_PUN2,PUN,52.07,N
09/25/2026,20,1,SCLP_PUN3,PUN,52.07,N
09/25/2026,20,1,SCLP_PUN4,PUN,52.07,N
09/25/2026,20,1,SCLP_SCLPC_1,RN,52.07,N
09/25/2026,20,1,SCLP_SCLPC_2,RN,52.07,N
09/25/2026,20,1,SCLP_SCLPC_3,RN,52.07,N
09/25/2026,20,1,SCLP_SCLPC_4,RN,52.07,N
09/25/2026,20,1,SCSES_UNIT2,RN,52.95,N
09/25/2026,20,1,SENATEWD_1,RN,53.18,N
09/25/2026,20,1,SEQ2_SLR_RN,RN,51.13,N
09/25/2026,20,1,SEVNF_ES_RN,RN,49.61,N
09/25/2026,20,1,SE_EDINB_RN,RN,51.15,N
09/25/2026,20,1,SGM_SIGNALMT,RN,60.54,N
09/25/2026,20,1,SGSA_DGR,RN,57.92,N
09/25/2026,20,1,SG_BES_BESS1,RN,57.46,N
09/25/2026,20,1,SHAFFER_ALL,RN,51.57,N
09/25/2026,20,1,SHAMROCK_RN,RN,57.08,N
09/25/2026,20,1,SHANNONW_RN,RN,52.64,N
09/25/2026,20,1,SHAW_SLR_RN,RN,53.19,N
09/25/2026,20,1,SHEEPCRK_1,RN,51.13,N
09/25/2026,20,1,SIG_SLR_RN,RN,52.86,N
09/25/2026,20,1,SILASRAY_CC1,LCCRN,53.26,N
09/25/2026,20,1,SIL_SILAS_10,RN,51.24,N
09/25/2026,20,1,SIL_SILAS_6,PCCRN,51.24,N
09/25/2026,20,1,SIL_SILAS_9,PCCRN,51.24,N
09/25/2026,20,1,SIRIUS_UNIT1,RN,57.62,N
09/25/2026,20,1,SJS_SJS_G1,RN,52.1,N
09/25/2026,20,1,SJS_SJS_G2,RN,52.1,N
09/25/2026,20,1,SKY1,RN,52.43,N
09/25/2026,20,1,SLCN_ESS_ALL,RN,52.95,N
09/25/2026,20,1,SLK_BESS_RN,RN,57.75,N
09/25/2026,20,1,SLTFRK_UN1_2,RN,50.98,N
09/25/2026,20,1,SMTH_ESS_RN,RN,52.86,N
09/25/2026,20,1,SNY_BESS_RN,RN,62.15,N
09/25/2026,20,1,SOLARA_UNIT1,RN,56.62,N
09/25/2026,20,1,SPARTA_ALL,RN,52.19,N
09/25/2026,20,1,SPLAIN1_RN,RN,50.23,N
09/25/2026,20,1,SPLAIN2_RN,RN,50.23,N
09/25/2026,20,1,SPNC_SPNCE_4,RN,52.79,N
09/25/2026,20,1,SPNC_SPNCE_5,RN,52.79,N
09/25/2026,20,1,SPTX12B_RN,RN,57.77,N
09/25/2026,20,1,SP_RN,RN,52.45,N
09/25/2026,20,1,SROSA_ESR_RN,RN,51.26,N
09/25/2026,20,1,SRWE1_UNIT1,RN,57.31,N
09/25/2026,20,1,SSPURT_WIND1,RN,50.99,N
09/25/2026,20,1,STADIUM_RN,RN,51.53,N
09/25/2026,20,1,STAGHORN_RN,RN,58.23,N
09/25/2026,20,1,STAM_SLR_ALL,RN,52.84,N
09/25/2026,20,1,STAR_SLR_RN,RN,50.72,N
09/25/2026,20,1,STEAM_ENG123,RN,52.86,N
09/25/2026,20,1,STEA_STEAM_1,RN,52.86,N
09/25/2026,20,1,STEA_STEAM_2,RN,52.86,N
09/25/2026,20,1,STEA_STEAM_3,RN,52.86,N
09/25/2026,20,1,STELLA_RN,RN,51.37,N
09/25/2026,20,1,STLHS_SL_RN,RN,53.03,N
09/25/2026,20,1,STP_STP_G1,RN,50.94,N
09/25/2026,20,1,STP_STP_G2,RN,50.94,N
09/25/2026,20,1,STRATEGC_RN,RN,52.93,N
09/25/2026,20,1,STRG_SLR_ALL,RN,52.93,N
09/25/2026,20,1,STWF_T1,RN,58.13,N
09/25/2026,20,1,SUNVASLR_ALL,RN,52.39,N
09/25/2026,20,1,SWEC_G1,RN,59.8,N
09/25/2026,20,1,SWEETWN2_2_4,RN,56.78,N
09/25/2026,20,1,SWEETWN3_3,RN,56.78,N
09/25/2026,20,1,SWEETWND_1,RN,56.78,N
09/25/2026,20,1,SWFT_SLR_RN,RN,58.42,N
09/25/2026,20,1,SWOOSE1_U1,RN,58.22,N
09/25/2026,20,1,SWOOSEII_RN,RN,58.22,N
09/25/2026,20,1,SWTWN4_WND45,RN,56.78,N
09/25/2026,20,1,SWT_BESS_RN,RN,60.22,N
09/25/2026,20,1,SYBR_SLR_RN,RN,53,N
09/25/2026,20,1,S_HILLS_RN,RN,53.19,N
09/25/2026,20,1,TAHOKA_ALL,RN,56.05,N
09/25/2026,20,1,TANZ_ESS_RN,RN,52.98,N
09/25/2026,20,1,TAV_RN,RN,53.45,N
09/25/2026,20,1,TAYGETE2_ALL,RN,58.01,N
09/25/2026,20,1,TAYGETE_ALL,RN,58.01,N
09/25/2026,20,1,TBWF_ES_BES1,RN,57.76,N
09/25/2026,20,1,TC_GTG2_RN,RN,52.42,N
09/25/2026,20,1,TC_PUN1,PUN,52.42,N
09/25/2026,20,1,TC_PUN2,PUN,52.42,N
09/25/2026,20,1,TC_TCHP1,RN,52.42,N
09/25/2026,20,1,TDWLPR_1_RN,RN,53.31,N
09/25/2026,20,1,TEN_CC1,LCCRN,53.01,N
09/25/2026,20,1,TEN_CT1_STG,PCCRN,53.01,N
09/25/2026,20,1,TGCCS_ALL,PCCRN,22.11,N
09/25/2026,20,1,TGCCS_CC1,LCCRN,22.11,N
09/25/2026,20,1,TGS_GT01,RN,52.39,N
09/25/2026,20,1,TGW_T1_T2,RN,51.37,N
09/25/2026,20,1,THREEW_S_RN,RN,53.03,N
09/25/2026,20,1,THW_1_CCU,PCCRN,53.65,N
09/25/2026,20,1,THW_2_CCU,PCCRN,53.65,N
09/25/2026,20,1,THW_CC1,LCCRN,53.65,N
09/25/2026,20,1,THW_CC2,LCCRN,53.65,N
09/25/2026,20,1,THW_THWGT5X,RN,53.86,N
09/25/2026,20,1,THW_THWGT_1,RN,53.54,N
09/25/2026,20,1,TIMPP_RN1,RN,52.8,N
09/25/2026,20,1,TIMPP_RN2,RN,52.8,N
09/25/2026,20,1,TIMPP_RN3,RN,52.8,N
09/25/2026,20,1,TIMPP_RN4,RN,52.8,N
09/25/2026,20,1,TI_SOLAR_ALL,RN,58.13,N
09/25/2026,20,1,TKWSW_CHAMP,RN,56.96,N
09/25/2026,20,1,TKWSW_ROSCOE,RN,56.96,N
09/25/2026,20,1,TMPP_RN3,RN,52.8,N
09/25/2026,20,1,TMPP_RN4,RN,52.8,N
09/25/2026,20,1,TNFS_RN,RN,57.52,N
09/25/2026,20,1,TNG_RN,RN,50.49,N
09/25/2026,20,1,TNP_TNP_O_1,RN,53.3,N
09/25/2026,20,1,TNP_TNP_O_2,RN,53.3,N
09/25/2026,20,1,TNSKA_CC1,LCCRN,52.83,N
09/25/2026,20,1,TNSKA_CCU,PCCRN,52.83,N
09/25/2026,20,1,TNS_SLR_ALL,RN,52.94,N
09/25/2026,20,1,TOPAZ_ALL,RN,51.26,N
09/25/2026,20,1,TORR_ALL,RN,50.54,N
09/25/2026,20,1,TORT_ESS_RN,RN,50.55,N
09/25/2026,20,1,TOYAH_RN,RN,57.92,N
09/25/2026,20,1,TRBT_SLR_RN,RN,57.57,N
09/25/2026,20,1,TREB_SOLAR1,RN,51.76,N
09/25/2026,20,1,TRENT_TRENT,RN,58.13,N
09/25/2026,20,1,TRINITY_ALL,RN,53.22,N
09/25/2026,20,1,TRIPBUT1_RN,RN,57.57,N
09/25/2026,20,1,TROJ_SLR_RN,RN,52.72,N
09/25/2026,20,1,TRSES_UNIT6,RN,52.99,N
09/25/2026,20,1,TRUENO_ALL,RN,51.27,N
09/25/2026,20,1,TRUSGILL_RN,RN,50.87,N
09/25/2026,20,1,TSECA_ES_RN,RN,55.3,N
09/25/2026,20,1,TTRSW_RN,RN,52.84,N
09/25/2026,20,1,TTWEC_G1,RN,56.28,N
09/25/2026,20,1,TUL_SLR_ALL,RN,52.32,N
09/25/2026,20,1,TURQ_BESS1,RN,52.86,N
09/25/2026,20,1,TV_RN,RN,52.67,N
09/25/2026,20,1,TXCTY_CC1,LCCRN,51.31,N
09/25/2026,20,1,TXCTY_CTA,PCCRN,51.31,N
09/25/2026,20,1,TXCTY_CTB,PCCRN,51.31,N
09/25/2026,20,1,TXCTY_CTC,PCCRN,51.31,N
09/25/2026,20,1,TXCTY_ST,PCCRN,51.31,N
09/25/2026,20,1,TYLRWIND_RN,RN,52.84,N
09/25/2026,20,1,TYNAN_RN,RN,52.1,N
09/25/2026,20,1,TYSN_SLR_RN,RN,52.83,N
09/25/2026,20,1,T_CK_GT2_RN,RN,53.27,N
09/25/2026,20,1,T_CK_GT3_RN,RN,53.27,N
09/25/2026,20,1,UCC_COG_PUN2,PUN,51.31,N
09/25/2026,20,1,UCC_UCC_C_2,RN,51.31,N
09/25/2026,20,1,ULYS_SLR_RN,RN,56.25,N
09/25/2026,20,1,UTOPIA_RN,RN,53.52,N
09/25/2026,20,1,V2_DGR1_RN,RN,52.73,N
09/25/2026,20,1,V2_DGR2_RN,RN,52.73,N
09/25/2026,20,1,V2_DGR3_RN,RN,52.73,N
09/25/2026,20,1,V4_DGR1_RN,RN,52.74,N
09/25/2026,20,1,VANCOURT_RN,RN,51.24,N
09/25/2026,20,1,VENADO_ALL,RN,50.52,N
09/25/2026,20,1,VERAWIND_ALL,RN,50.87,N
09/25/2026,20,1,VERTIGO_UN1,RN,53.09,N
09/25/2026,20,1,VERT_ESS_RN,RN,51.08,N
09/25/2026,20,1,VICTORIA_CC1,LCCRN,51.9,N
09/25/2026,20,1,VICTPORT_RN,RN,51.88,N
09/25/2026,20,1,VIC_VICTORG5,PCCRN,51.9,N
09/25/2026,20,1,VIC_VICTORG6,PCCRN,51.9,N
09/25/2026,20,1,VISION_RN,RN,52.95,N
09/25/2026,20,1,VLSES_UNIT3,PCCRN,52.82,N
09/25/2026,20,1,VORT_ALL_RN,RN,49.9,N
09/25/2026,20,1,WAKEWE_ALL,RN,49.04,N
09/25/2026,20,1,WAL_RN,RN,53.47,N
09/25/2026,20,1,WAP_WAPGT_1,RN,52.63,N
09/25/2026,20,1,WAP_WAP_G1,RN,52.63,N
09/25/2026,20,1,WAP_WAP_G2,RN,52.63,N
09/25/2026,20,1,WAP_WAP_G3,RN,52.9,N
09/25/2026,20,1,WAP_WAP_G4,RN,52.9,N
09/25/2026,20,1,WAP_WAP_G5,RN,52.63,N
09/25/2026,20,1,WAP_WAP_G6,RN,49.13,N
09/25/2026,20,1,WAP_WAP_G7,RN,49.13,N
09/25/2026,20,1,WAP_WAP_G8,RN,51.81,N
09/25/2026,20,1,WAYMARK_RN,RN,57.53,N
09/25/2026,20,1,WCPP_CC1,LCCRN,52.55,N
09/25/2026,20,1,WCPP_CT1,PCCRN,52.55,N
09/25/2026,20,1,WCPP_CT2,PCCRN,52.55,N
09/25/2026,20,1,WCPP_ST1,PCCRN,52.55,N
09/25/2026,20,1,WEBBER_WS_T1,RN,52.82,N
09/25/2026,20,1,WEC_WECG1,RN,54.17,N
09/25/2026,20,1,WES_ALL,RN,52.11,N
09/25/2026,20,1,WFCOGEN_13,PCCRN,52.64,N
09/25/2026,20,1,WFCOGEN_24,PCCRN,52.64,N
09/25/2026,20,1,WFCOGEN_CC1,LCCRN,52.64,N
09/25/2026,20,1,WFTANK_ESS1,RN,50.38,N
09/25/2026,20,1,WGU_RN,RN,52.22,N
09/25/2026,20,1,WHCCS2_4,PCCRN,53,N
09/25/2026,20,1,WHCCS2_5_6,PCCRN,53,N
09/25/2026,20,1,WHCCS2_CC2,LCCRN,53,N
09/25/2026,20,1,WHCCS_CC1,LCCRN,53,N
09/25/2026,20,1,WHCCS_CT1_ST,PCCRN,53,N
09/25/2026,20,1,WHCCS_CT2,PCCRN,53,N
09/25/2026,20,1,WHITE_PT_UN1,RN,51.68,N
09/25/2026,20,1,WHMESA_U1,RN,57,N
09/25/2026,20,1,WHTTAIL_WR1,RN,52.85,N
09/25/2026,20,1,WH_WIND_ALL,RN,57.05,N
09/25/2026,20,1,WIG_BESS_RN,RN,52.86,N
09/25/2026,20,1,WILDWIND_ALL,RN,52.72,N
09/25/2026,20,1,WIPOPA_1_2,RN,52.69,N
09/25/2026,20,1,WIPOPA_3_4,RN,52.69,N
09/25/2026,20,1,WIR_WIRTZ_G1,RN,53.13,N
09/25/2026,20,1,WIR_WIRTZ_G2,RN,53.13,N
09/25/2026,20,1,WLTC_ESR_RN,RN,51.69,N
09/25/2026,20,1,WL_RANCH_RN,RN,56.42,N
09/25/2026,20,1,WNDTS2_UNIT1,RN,53.16,N
09/25/2026,20,1,WND_WHITNEY,RN,53.07,N
09/25/2026,20,1,WOODWRD1_RN,RN,57.68,N
09/25/2026,20,1,WOODWRD2_RN,RN,57.68,N
09/25/2026,20,1,WOV_BESS_RN,RN,58.51,N
09/25/2026,20,1,WRSBES_BESS1,RN,58.16,N
09/25/2026,20,1,WR_RN,RN,52.88,N
09/25/2026,20,1,WZRD_ESS_RN,RN,51.24,N
09/25/2026,20,1,W_HRL_ESR_RN,RN,51.25,N
09/25/2026,20,1,W_PECO_UNIT1,RN,58.15,N
09/25/2026,20,1,X1_DGR_RN,RN,52.75,N
09/25/2026,20,1,X443ESRN,RN,52.78,N
09/25/2026,20,1,YAPN_SLR_RN,RN,53.21,N
09/25/2026,20,1,YCAT_WND_RN,RN,52.91,N
09/25/2026,20,1,YNG_WND_ALL,RN,50.62,N
09/25/2026,20,1,Z0_DGR1_RN,RN,52.72,N
09/25/2026,20,1,Z0_DGR2_RN,RN,52.72,N
09/25/2026,20,1,Z5_DGR1_RN,RN,52.73,N
09/25/2026,20,1,ZIER_SLR_ALL,RN,55.04,N
