DeliveryDate,HourEnding,AncillaryType,MCPC,DSTFlag
09/26/2026,01:00,RRS,0.19,N
09/26/2026,01:00,NSPIN,4,N
09/26/2026,01:00,REGUP,1.08,N
09/26/2026,01:00,REGDN,1.54,N
09/26/2026,01:00,ECRS,0.28,N
09/26/2026,02:00,REGDN,0.1,N
09/26/2026,02:00,REGUP,0.46,N
09/26/2026,02:00,RRS,0.19,N
09/26/2026,02:00,NSPIN,3.11,N
09/26/2026,02:00,ECRS,0.28,N
09/26/2026,03:00,REGUP,0.99,N
09/26/2026,03:00,REGDN,0.23,N
09/26/2026,03:00,RRS,0.18,N
09/26/2026,03:00,ECRS,0.25,N
09/26/2026,03:00,NSPIN,2.42,N
09/26/2026,04:00,REGDN,0.9,N
09/26/2026,04:00,REGUP,1.04,N
09/26/2026,04:00,RRS,0.1,N
09/26/2026,04:00,NSPIN,2,N
09/26/2026,04:00,ECRS,0.19,N
09/26/2026,05:00,REGDN,0.71,N
09/26/2026,05:00,REGUP,1.09,N
09/26/2026,05:00,NSPIN,2.11,N
09/26/2026,05:00,RRS,0.1,N
09/26/2026,05:00,ECRS,0.19,N
09/26/2026,06:00,NSPIN,2.2,N
09/26/2026,06:00,RRS,0.1,N
09/26/2026,06:00,REGUP,1.29,N
09/26/2026,06:00,REGDN,0.24,N
09/26/2026,06:00,ECRS,0.19,N
09/26/2026,07:00,NSPIN,2.52,N
09/26/2026,07:00,RRS,0.1,N
09/26/2026,07:00,REGUP,1.17,N
09/26/2026,07:00,REGDN,0.38,N
09/26/2026,07:00,ECRS,0.2,N
09/26/2026,08:00,REGDN,0.4,N
09/26/2026,08:00,REGUP,0.51,N
09/26/2026,08:00,RRS,0.1,N
09/26/2026,08:00,NSPIN,2,N
09/26/2026,08:00,ECRS,0.2,N
09/26/2026,09:00,NSPIN,0.75,N
09/26/2026,09:00,RRS,0.15,N
09/26/2026,09:00,REGUP,0.57,N
09/26/2026,09:00,REGDN,1.11,N
09/26/2026,09:00,ECRS,0.25,N
09/26/2026,10:00,REGUP,0.43,N
09/26/2026,10:00,REGDN,0.4,N
09/26/2026,10:00,RRS,0.1,N
09/26/2026,10:00,NSPIN,0.3,N
09/26/2026,10:00,ECRS,0.19,N
09/26/2026,11:00,REGUP,0.42,N
09/26/2026,11:00,REGDN,0.66,N
09/26/2026,11:00,RRS,0.1,N
09/26/2026,11:00,ECRS,0.16,N
09/26/2026,11:00,NSPIN,0.29,N
09/26/2026,12:00,REGDN,1.85,N
09/26/2026,12:00,REGUP,0.53,N
09/26/2026,12:00,NSPIN,0.28,N
09/26/2026,12:00,RRS,0.1,N
09/26/2026,12:00,ECRS,0.16,N
09/26/2026,13:00,REGDN,2.51,N
09/26/2026,13:00,REGUP,1.2,N
09/26/2026,13:00,RRS,0.1,N
09/26/2026,13:00,NSPIN,0.25,N
09/26/2026,13:00,ECRS,0.14,N
09/26/2026,14:00,REGDN,2.96,N
09/26/2026,14:00,REGUP,0.68,N
09/26/2026,14:00,RRS,0.1,N
09/26/2026,14:00,NSPIN,0.35,N
09/26/2026,14:00,ECRS,0.14,N
09/26/2026,15:00,REGDN,3.23,N
09/26/2026,15:00,REGUP,1.34,N
09/26/2026,15:00,RRS,0.1,N
09/26/2026,15:00,NSPIN,0.38,N
09/26/2026,15:00,ECRS,0.14,N
09/26/2026,16:00,REGUP,1.55,N
09/26/2026,16:00,REGDN,1.7,N
09/26/2026,16:00,RRS,0.1,N
09/26/2026,16:00,ECRS,0.14,N
09/26/2026,16:00,NSPIN,0.54,N
09/26/2026,17:00,REGDN,1.35,N
09/26/2026,17:00,REGUP,1.44,N
09/26/2026,17:00,RRS,0.1,N
09/26/2026,17:00,NSPIN,0.54,N
09/26/2026,17:00,ECRS,0.15,N
09/26/2026,18:00,REGDN,8,N
09/26/2026,18:00,REGUP,1.66,N
09/26/2026,18:00,NSPIN,0.74,N
09/26/2026,18:00,RRS,0.11,N
09/26/2026,18:00,ECRS,0.2,N
09/26/2026,19:00,REGUP,1.95,N
09/26/2026,19:00,REGDN,0.54,N
09/26/2026,19:00,RRS,0.2,N
09/26/2026,19:00,ECRS,0.29,N
09/26/2026,19:00,NSPIN,1.2,N
09/26/2026,20:00,REGUP,2.05,N
09/26/2026,20:00,REGDN,0.5,N
09/26/2026,20:00,RRS,0.45,N
09/26/2026,20:00,NSPIN,8.57,N
09/26/2026,20:00,ECRS,0.65,N
09/26/2026,21:00,REGDN,1.01,N
09/26/2026,21:00,REGUP,3.62,N
09/26/2026,21:00,RRS,2.33,N
09/26/2026,21:00,NSPIN,13.74,N
09/26/2026,21:00,ECRS,7.74,N
09/26/2026,22:00,REGUP,1,N
09/26/2026,22:00,REGDN,1,N
09/26/2026,22:00,RRS,2.41,N
09/26/2026,22:00,ECRS,2.99,N
09/26/2026,22:00,NSPIN,16.4,N
09/26/2026,23:00,REGDN,1,N
09/26/2026,23:00,REGUP,1.25,N
09/26/2026,23:00,RRS,0.15,N
09/26/2026,23:00,NSPIN,10.86,N
09/26/2026,23:00,ECRS,1.94,N
09/26/2026,24:00,REGDN,0.4,N
09/26/2026,24:00,REGUP,1.01,N
09/26/2026,24:00,RRS,0.12,N
09/26/2026,24:00,NSPIN,5.37,N
09/26/2026,24:00,ECRS,1,N
