OperDay,HourEnding,NORTH,SOUTH,WEST,HOUSTON,TOTAL,DSTFlag
09/24/2026,01:00,20666.54,16275.89,9535.44,15381.51,61859.37,N
09/24/2026,02:00,19616.33,15489.69,9513.01,14786.76,59405.79,N
09/24/2026,03:00,18850.37,14927.52,9398.05,14373.73,57549.68,N
09/24/2026,04:00,18295.25,14583.92,9288.06,14179.01,56346.24,N
09/24/2026,05:00,18080.31,14519.41,9288.75,14203.93,56092.40,N
09/24/2026,06:00,18396.51,14755.20,9355.86,14498.87,57006.45,N
09/24/2026,07:00,19139.30,15303.59,9488.14,14908.30,58839.33,N
09/24/2026,08:00,19210.41,15503.00,9451.53,14938.57,59103.52,N
09/24/2026,09:00,19537.58,15832.09,9532.50,15340.30,60242.46,N
09/24/2026,10:00,20326.52,16882.30,9741.13,16234.29,63184.24,N
09/24/2026,11:00,21471.71,18023.79,9941.44,17253.61,66690.54,N
09/24/2026,12:00,22849.42,19169.09,10074.99,18382.56,70476.05,N
09/24/2026,13:00,24339.98,20241.61,10306.24,19474.12,74361.96,N
09/24/2026,14:00,25842.26,21047.79,10520.35,20387.28,77797.68,N
09/24/2026,15:00,27229.07,21684.49,10577.63,21068.10,80559.30,N
09/24/2026,16:00,28151.75,22196.89,10537.92,21430.18,82316.74,N
09/24/2026,17:00,28677.76,22655.06,10555.23,21538.84,83426.90,N
09/24/2026,18:00,28471.03,22706.82,10429.54,21035.97,82643.36,N
09/24/2026,19:00,27592.80,22120.53,10231.14,19954.15,79898.62,N
09/24/2026,20:00,26620.77,21578.12,10182.85,19289.19,77670.94,N
09/24/2026,21:00,25654.69,20900.70,10237.78,18729.30,75522.46,N
09/24/2026,22:00,24544.71,20059.53,10157.68,18196.99,72958.92,N
09/24/2026,23:00,22958.82,18921.97,9981.43,17670.31,69532.53,N
09/24/2026,24:00,21099.53,17806.83,9780.07,16291.04,64977.47,N
