interval_ending,dstFlag,lz_north_rt,lz_aen_rt,hb_hubavg_rt
2026-09-25 00:15:00-0500,N,37.96,39.6,38.59
2026-09-25 00:30:00-0500,N,44.2,46.38,45.01
2026-09-25 00:45:00-0500,N,39.67,41.46,40.34
2026-09-25 01:00:00-0500,N,37.52,39.14,38.14
2026-09-25 01:15:00-0500,N,43.96,54.47,42.3
2026-09-25 01:30:00-0500,N,34.7,40.77,34.56
2026-09-25 01:45:00-0500,N,30.71,33.54,30.95
2026-09-25 02:00:00-0500,N,29.77,32.32,29.89
2026-09-25 02:15:00-0500,N,33.19,36.44,33.8
2026-09-25 02:30:00-0500,N,31.41,34.56,31.9
2026-09-25 02:45:00-0500,N,29.05,30.92,29.61
2026-09-25 03:00:00-0500,N,28.65,31.44,29.07
2026-09-25 03:15:00-0500,N,29.63,31.36,29.85
2026-09-25 03:30:00-0500,N,30.73,32.21,31.01
2026-09-25 03:45:00-0500,N,33.29,35.25,33.61
2026-09-25 04:00:00-0500,N,32.89,34.64,33.17
2026-09-25 04:15:00-0500,N,29.44,30.58,29.7
2026-09-25 04:30:00-0500,N,29.03,29.82,29.33
2026-09-25 04:45:00-0500,N,30.4,31.27,30.75
2026-09-25 05:00:00-0500,N,31.55,32.5,31.94
2026-09-25 05:15:00-0500,N,36.72,38.18,37.23
2026-09-25 05:30:00-0500,N,37.19,38.57,37.75
2026-09-25 05:45:00-0500,N,38.95,40.47,39.58
2026-09-25 06:00:00-0500,N,42.54,44.35,43.31
2026-09-25 06:15:00-0500,N,38.75,40.17,39.06
2026-09-25 06:30:00-0500,N,40.76,42.36,41.06
2026-09-25 06:45:00-0500,N,40.97,42.28,41.35
2026-09-25 07:00:00-0500,N,43.1,44.53,43.51
2026-09-25 07:15:00-0500,N,43.88,45.36,44.31
2026-09-25 07:30:00-0500,N,44.65,46.17,45.08
2026-09-25 07:45:00-0500,N,42.27,43.65,42.69
2026-09-25 08:00:00-0500,N,34.49,35.51,34.8
2026-09-25 08:15:00-0500,N,29.84,30.55,30.06
2026-09-25 08:30:00-0500,N,25.68,26.07,25.84
2026-09-25 08:45:00-0500,N,23.58,24.18,24.2
2026-09-25 09:00:00-0500,N,20.79,21.7,21.72
2026-09-25 09:15:00-0500,N,21.73,24.71,23.18
2026-09-25 09:30:00-0500,N,20.31,21.49,21.24
2026-09-25 09:45:00-0500,N,19.48,19.98,20.29
2026-09-25 10:00:00-0500,N,19.35,20.84,20.37
2026-09-25 10:15:00-0500,N,19.98,18.88,20.47
2026-09-25 10:30:00-0500,N,19.87,19.85,20.35
2026-09-25 10:45:00-0500,N,19.87,19.65,20.23
2026-09-25 11:00:00-0500,N,19.34,19.1,19.66
2026-09-25 11:15:00-0500,N,18.78,18.47,19.08
2026-09-25 11:30:00-0500,N,18.68,21.27,19.27
2026-09-25 11:45:00-0500,N,19.8,26.79,20.74
2026-09-25 12:00:00-0500,N,19.86,39.89,22.09
2026-09-25 12:15:00-0500,N,18.24,44.16,20.79
2026-09-25 12:30:00-0500,N,20.34,52.36,23.22
2026-09-25 12:45:00-0500,N,21.05,47.47,23.91
2026-09-25 13:00:00-0500,N,21.66,44.33,24.46
2026-09-25 13:15:00-0500,N,22.33,36.33,23.74
2026-09-25 13:30:00-0500,N,22.84,33.08,24.13
2026-09-25 13:45:00-0500,N,23.58,42.61,25.61
2026-09-25 14:00:00-0500,N,21.88,41.24,25.5
2026-09-25 14:15:00-0500,N,22.81,67.6,29.92
2026-09-25 14:30:00-0500,N,33.07,52.31,35.34
2026-09-25 14:45:00-0500,N,31.69,45.67,32.11
2026-09-25 15:00:00-0500,N,28.73,37.84,28.86
2026-09-25 15:15:00-0500,N,26.4,39.53,27.7
2026-09-25 15:30:00-0500,N,29.64,44.21,31.05
2026-09-25 15:45:00-0500,N,32.11,50.9,33.56
2026-09-25 16:00:00-0500,N,34.82,95.47,41.88
2026-09-25 16:15:00-0500,N,35.18,79.1,39.64
2026-09-25 16:30:00-0500,N,38.83,81.45,42.04
2026-09-25 16:45:00-0500,N,33.99,79.4,40.03
2026-09-25 17:00:00-0500,N,42.68,71.43,50.37
2026-09-25 17:15:00-0500,N,36.36,41.22,41.76
2026-09-25 17:30:00-0500,N,41.03,46.73,46.98
2026-09-25 17:45:00-0500,N,53.66,57.22,59.33
2026-09-25 18:00:00-0500,N,57.3,62.21,60.07
2026-09-25 18:15:00-0500,N,42.53,45.89,46.04
2026-09-25 18:30:00-0500,N,50.05,51.94,52.76
2026-09-25 18:45:00-0500,N,52.4,52.98,54.39
2026-09-25 19:00:00-0500,N,59.99,58.14,60.56
2026-09-25 19:15:00-0500,N,52.93,52.86,53.22
2026-09-25 19:30:00-0500,N,51.3,51.95,51.95
2026-09-25 19:45:00-0500,N,49.02,49.97,50.09
2026-09-25 20:00:00-0500,N,45.72,46.84,47.04
2026-09-25 20:15:00-0500,N,43.36,44.34,44.51
2026-09-25 20:30:00-0500,N,41.77,42.77,42.96
2026-09-25 20:45:00-0500,N,44.12,44.92,44.85
2026-09-25 21:00:00-0500,N,44.31,45,44.47
2026-09-25 21:15:00-0500,N,53.18,52.23,53.34
2026-09-25 21:30:00-0500,N,45.98,45.09,46.48
2026-09-25 21:45:00-0500,N,42.29,40.79,42.85
2026-09-25 22:00:00-0500,N,37.02,37.8,37.3
2026-09-25 22:15:00-0500,N,41.39,42.52,41.76
2026-09-25 22:30:00-0500,N,42.08,43.03,42.47
2026-09-25 22:45:00-0500,N,35.54,36.79,36.58
