timestamp,esr_charging_mw,esr_discharging_mw,esr_net_mw
2026-09-25 00:00:00-0500,-573.43,296.581,-276.85
2026-09-25 00:05:00-0500,-439.423,96.617,-342.806
2026-09-25 00:10:00-0500,-266.369,328.764,62.394
2026-09-25 00:15:00-0500,-221.424,586.39,364.966
2026-09-25 00:20:00-0500,-214.491,656.236,441.745
2026-09-25 00:25:00-0500,-297.579,619.056,321.478
2026-09-25 00:30:00-0500,-422.994,455.281,32.287
2026-09-25 00:35:00-0500,-425.519,259.471,-166.048
2026-09-25 00:40:00-0500,-425.34,81.402,-343.938
2026-09-25 00:45:00-0500,-367.55,89.832,-277.718
2026-09-25 00:50:00-0500,-408.211,89.327,-318.884
2026-09-25 00:55:00-0500,-468.114,119.254,-348.86
2026-09-25 01:00:00-0500,-661.204,75.604,-585.601
2026-09-25 01:05:00-0500,-1079.887,364.534,-715.352
2026-09-25 01:10:00-0500,-1473.522,777.036,-696.486
2026-09-25 01:15:00-0500,-1325.772,534.187,-791.585
2026-09-25 01:20:00-0500,-1165.38,243,-922.38
2026-09-25 01:25:00-0500,-1117.789,113.128,-1004.66
2026-09-25 01:30:00-0500,-1147.306,48.305,-1099.001
2026-09-25 01:35:00-0500,-1242.232,27.435,-1214.797
2026-09-25 01:40:00-0500,-1314.083,26.368,-1287.716
2026-09-25 01:45:00-0500,-1472.674,18.516,-1454.158
2026-09-25 01:50:00-0500,-1583.119,21.212,-1561.906
2026-09-25 01:55:00-0500,-1681.189,31.153,-1650.036
2026-09-25 02:00:00-0500,-1662.154,28.929,-1633.225
2026-09-25 02:05:00-0500,-1604.757,29.114,-1575.643
2026-09-25 02:10:00-0500,-1404.579,26.77,-1377.808
2026-09-25 02:15:00-0500,-1343.469,44.42,-1299.049
2026-09-25 02:20:00-0500,-1459.146,43.518,-1415.627
2026-09-25 02:25:00-0500,-1546.137,19.105,-1527.032
2026-09-25 02:30:00-0500,-1697.039,14.648,-1682.391
2026-09-25 02:35:00-0500,-1791.875,13.758,-1778.117
2026-09-25 02:40:00-0500,-1931.129,24.419,-1906.709
2026-09-25 02:45:00-0500,-2038.344,13.607,-2024.736
2026-09-25 02:50:00-0500,-2044.979,16.727,-2028.252
2026-09-25 02:55:00-0500,-1972.191,17.855,-1954.336
2026-09-25 03:00:00-0500,-1966.481,39.196,-1927.285
2026-09-25 03:05:00-0500,-1940.459,112.324,-1828.135
2026-09-25 03:10:00-0500,-1793.287,85.958,-1707.329
2026-09-25 03:15:00-0500,-1673.073,10.781,-1662.292
2026-09-25 03:20:00-0500,-1632.762,10.261,-1622.501
2026-09-25 03:25:00-0500,-1648.942,14.377,-1634.565
2026-09-25 03:30:00-0500,-1615.042,68.712,-1546.331
2026-09-25 03:35:00-0500,-1645.246,46.542,-1598.704
2026-09-25 03:40:00-0500,-1623.627,107.994,-1515.633
2026-09-25 03:45:00-0500,-1520.556,100.177,-1420.378
2026-09-25 03:50:00-0500,-1458.46,47.54,-1410.921
2026-09-25 03:55:00-0500,-1476.194,54.647,-1421.547
2026-09-25 04:00:00-0500,-1596.396,15.489,-1580.907
2026-09-25 04:05:00-0500,-1491.645,73.115,-1418.53
2026-09-25 04:10:00-0500,-1335.171,133.56,-1201.612
2026-09-25 04:15:00-0500,-1132.034,81.891,-1050.144
2026-09-25 04:20:00-0500,-1043.134,104.009,-939.126
2026-09-25 04:25:00-0500,-935.671,73.788,-861.883
2026-09-25 04:30:00-0500,-838.299,118.093,-720.206
2026-09-25 04:35:00-0500,-716.394,94.384,-622.01
2026-09-25 04:40:00-0500,-566.641,104.051,-462.59
2026-09-25 04:45:00-0500,-443.058,91.055,-352.004
2026-09-25 04:50:00-0500,-448.258,74.286,-373.972
2026-09-25 04:55:00-0500,-555.73,66.378,-489.353
2026-09-25 05:00:00-0500,-452.431,68.43,-384.001
2026-09-25 05:05:00-0500,-264.15,274.979,10.828
2026-09-25 05:10:00-0500,-191.468,408.555,217.087
2026-09-25 05:15:00-0500,-274.879,247.07,-27.81
2026-09-25 05:20:00-0500,-236.58,128.787,-107.793
2026-09-25 05:25:00-0500,-234.73,167.99,-66.74
2026-09-25 05:30:00-0500,-240.494,263.178,22.683
2026-09-25 05:35:00-0500,-266.923,327.041,60.117
2026-09-25 05:40:00-0500,-291.107,381.611,90.504
2026-09-25 05:45:00-0500,-199.181,438.12,238.939
2026-09-25 05:50:00-0500,-242.557,697.382,454.825
2026-09-25 05:55:00-0500,-266.897,877.592,610.695
2026-09-25 06:00:00-0500,-250.5,832.139,581.639
2026-09-25 06:05:00-0500,-248.936,932.56,683.624
2026-09-25 06:10:00-0500,-171.723,1121.024,949.301
2026-09-25 06:15:00-0500,-161.594,1224.896,1063.302
2026-09-25 06:20:00-0500,-172.645,1357.661,1185.016
2026-09-25 06:25:00-0500,-190.275,1544.315,1354.041
2026-09-25 06:30:00-0500,-290.622,1637.589,1346.968
2026-09-25 06:35:00-0500,-262.77,1750.391,1487.621
2026-09-25 06:40:00-0500,-254.909,1976.445,1721.536
2026-09-25 06:45:00-0500,-275.698,2077.676,1801.978
2026-09-25 06:50:00-0500,-266.91,2074.595,1807.684
2026-09-25 06:55:00-0500,-265.649,2136.448,1870.799
2026-09-25 07:00:00-0500,-271.17,2271.673,2000.503
2026-09-25 07:05:00-0500,-233.919,2224.428,1990.508
2026-09-25 07:10:00-0500,-205.455,2166.394,1960.939
2026-09-25 07:15:00-0500,-196.248,1981.505,1785.256
2026-09-25 07:20:00-0500,-166.924,1883.119,1716.194
2026-09-25 07:25:00-0500,-222.582,1902.183,1679.6
2026-09-25 07:30:00-0500,-337.487,1940.485,1602.998
2026-09-25 07:35:00-0500,-306.231,1830.735,1524.503
2026-09-25 07:40:00-0500,-196.175,1513.585,1317.41
2026-09-25 07:45:00-0500,-402.154,1247.1,844.946
2026-09-25 07:50:00-0500,-646.02,972.478,326.458
2026-09-25 07:55:00-0500,-773.061,669.105,-103.956
2026-09-25 08:00:00-0500,-778.411,398.794,-379.616
2026-09-25 08:05:00-0500,-923.687,266.679,-657.008
2026-09-25 08:10:00-0500,-1427.885,272.096,-1155.789
2026-09-25 08:15:00-0500,-1638.741,262.097,-1376.644
2026-09-25 08:20:00-0500,-1906.596,181.823,-1724.774
2026-09-25 08:25:00-0500,-2137.741,132.581,-2005.16
2026-09-25 08:30:00-0500,-2667.801,113.249,-2554.553
2026-09-25 08:35:00-0500,-2932.758,73.885,-2858.873
2026-09-25 08:40:00-0500,-3471.783,45.653,-3426.13
2026-09-25 08:45:00-0500,-4150.285,40.586,-4109.699
2026-09-25 08:50:00-0500,-4618.283,34.427,-4583.856
2026-09-25 08:55:00-0500,-4913.71,27.874,-4885.836
2026-09-25 09:00:00-0500,-5233.857,25.321,-5208.536
2026-09-25 09:05:00-0500,-5804.196,37.953,-5766.242
2026-09-25 09:10:00-0500,-6730.432,68.269,-6662.163
2026-09-25 09:15:00-0500,-7247.135,72.351,-7174.785
2026-09-25 09:20:00-0500,-7615.098,67.528,-7547.57
2026-09-25 09:25:00-0500,-7852.656,79.456,-7773.2
2026-09-25 09:30:00-0500,-8035.47,128.443,-7907.027
2026-09-25 09:35:00-0500,-7876.186,143.512,-7732.673
2026-09-25 09:40:00-0500,-8010.396,156.715,-7853.681
2026-09-25 09:45:00-0500,-8258.523,197.514,-8061.01
2026-09-25 09:50:00-0500,-8104.361,205.778,-7898.582
2026-09-25 09:55:00-0500,-8548.538,185.482,-8363.057
2026-09-25 10:00:00-0500,-8677.372,204.001,-8473.372
2026-09-25 10:05:00-0500,-8466.296,169.609,-8296.687
2026-09-25 10:10:00-0500,-8458.585,117.394,-8341.191
2026-09-25 10:15:00-0500,-8280.79,125.805,-8154.985
2026-09-25 10:20:00-0500,-8581.294,132.454,-8448.841
2026-09-25 10:25:00-0500,-8814.135,107.109,-8707.026
2026-09-25 10:30:00-0500,-8427.68,84.696,-8342.983
2026-09-25 10:35:00-0500,-8179.396,105.733,-8073.663
2026-09-25 10:40:00-0500,-8554.143,67.975,-8486.168
2026-09-25 10:45:00-0500,-9066.69,69.372,-8997.318
2026-09-25 10:50:00-0500,-9004.152,83.995,-8920.157
2026-09-25 10:55:00-0500,-8595.636,109.191,-8486.444
2026-09-25 11:00:00-0500,-8299.489,71.872,-8227.617
2026-09-25 11:05:00-0500,-7970.587,69.884,-7900.704
2026-09-25 11:10:00-0500,-7367.511,103.935,-7263.577
2026-09-25 11:15:00-0500,-7053.054,55.885,-6997.168
2026-09-25 11:20:00-0500,-7179.814,19.793,-7160.021
2026-09-25 11:25:00-0500,-7132.303,15.737,-7116.566
2026-09-25 11:30:00-0500,-6657.66,94.156,-6563.504
2026-09-25 11:35:00-0500,-6154.124,108.661,-6045.464
2026-09-25 11:40:00-0500,-6154.784,16.971,-6137.813
2026-09-25 11:45:00-0500,-5989.971,4.841,-5985.13
2026-09-25 11:50:00-0500,-5832.375,17.337,-5815.038
2026-09-25 11:55:00-0500,-5538.21,98.819,-5439.391
2026-09-25 12:00:00-0500,-5415.704,16.707,-5398.997
2026-09-25 12:05:00-0500,-5267.819,18.846,-5248.973
2026-09-25 12:10:00-0500,-4836.004,14.504,-4821.5
2026-09-25 12:15:00-0500,-4408.552,37.799,-4370.753
2026-09-25 12:20:00-0500,-3874.513,294.57,-3579.943
2026-09-25 12:25:00-0500,-3402.198,293.699,-3108.499
2026-09-25 12:30:00-0500,-3204.79,122.894,-3081.897
2026-09-25 12:35:00-0500,-3316.943,47.203,-3269.741
2026-09-25 12:40:00-0500,-3045.526,191.542,-2853.983
2026-09-25 12:45:00-0500,-2666.039,392.522,-2273.517
2026-09-25 12:50:00-0500,-2479.616,60.003,-2419.613
2026-09-25 12:55:00-0500,-2377.305,20.966,-2356.339
2026-09-25 13:00:00-0500,-2251.519,70.524,-2180.995
2026-09-25 13:05:00-0500,-2367.77,30.832,-2336.939
2026-09-25 13:10:00-0500,-2474.551,84.341,-2390.21
2026-09-25 13:15:00-0500,-2418.293,88.786,-2329.507
2026-09-25 13:20:00-0500,-2313.935,102.714,-2211.221
2026-09-25 13:25:00-0500,-2485.642,70.638,-2415.004
2026-09-25 13:30:00-0500,-2022.794,252.911,-1769.883
2026-09-25 13:35:00-0500,-1724.328,158.557,-1565.771
2026-09-25 13:40:00-0500,-1428.35,210.692,-1217.658
2026-09-25 13:45:00-0500,-1626.278,10.034,-1616.244
2026-09-25 13:50:00-0500,-1915.701,17.002,-1898.699
2026-09-25 13:55:00-0500,-1833.471,8.454,-1825.016
2026-09-25 14:00:00-0500,-1807.915,31.113,-1776.846
2026-09-25 14:05:00-0500,-1440.386,365.851,-1074.535
2026-09-25 14:10:00-0500,-1045.483,387.381,-658.102
2026-09-25 14:15:00-0500,-680.002,664.829,-15.173
2026-09-25 14:20:00-0500,-652.369,771.752,119.383
2026-09-25 14:25:00-0500,-817.331,295.644,-521.686
2026-09-25 14:30:00-0500,-743.472,166.65,-576.822
2026-09-25 14:35:00-0500,-721.349,157.898,-563.45
2026-09-25 14:40:00-0500,-950.268,161.603,-788.665
2026-09-25 14:45:00-0500,-1288.306,157.134,-1131.172
2026-09-25 14:50:00-0500,-1046.52,221.693,-824.827
2026-09-25 14:55:00-0500,-827.995,257.315,-570.68
2026-09-25 15:00:00-0500,-995.754,81.851,-913.904
2026-09-25 15:05:00-0500,-1096.292,42.871,-1053.421
2026-09-25 15:10:00-0500,-878.028,146.831,-731.196
2026-09-25 15:15:00-0500,-637.928,429.927,-208.001
2026-09-25 15:20:00-0500,-582.619,369.71,-212.908
2026-09-25 15:25:00-0500,-654.887,144.246,-510.641
2026-09-25 15:30:00-0500,-573.894,450.965,-122.929
2026-09-25 15:35:00-0500,-696.502,748.475,51.973
2026-09-25 15:40:00-0500,-920.78,403.976,-516.804
2026-09-25 15:45:00-0500,-661.768,450.107,-211.661
2026-09-25 15:50:00-0500,-327.485,852.063,524.578
2026-09-25 15:55:00-0500,-471.806,848.569,376.763
2026-09-25 16:00:00-0500,-746.223,705.489,-40.734
2026-09-25 16:05:00-0500,-852.212,327.316,-524.896
2026-09-25 16:10:00-0500,-599.72,552.724,-46.996
2026-09-25 16:15:00-0500,-545.879,663.726,117.847
2026-09-25 16:20:00-0500,-602.157,479.731,-122.426
2026-09-25 16:25:00-0500,-508.485,426.002,-82.483
2026-09-25 16:30:00-0500,-532.048,367.873,-164.175
2026-09-25 16:35:00-0500,-518.081,339.067,-179.014
2026-09-25 16:40:00-0500,-505.233,351.898,-153.335
2026-09-25 16:45:00-0500,-300.448,687.99,387.543
2026-09-25 16:50:00-0500,-181.077,1216.511,1035.434
2026-09-25 16:55:00-0500,-381.556,1130.189,748.633
2026-09-25 17:00:00-0500,-483.211,986.908,503.698
2026-09-25 17:05:00-0500,-295.41,733.428,438.018
2026-09-25 17:10:00-0500,-507.44,654.678,147.237
2026-09-25 17:15:00-0500,-328.581,859.652,531.071
2026-09-25 17:20:00-0500,-258.295,919.994,661.699
2026-09-25 17:25:00-0500,-351.188,915.697,564.509
2026-09-25 17:30:00-0500,-306.119,1321.012,1014.893
2026-09-25 17:35:00-0500,-200.898,1592.841,1391.943
2026-09-25 17:40:00-0500,-178.612,1954.707,1776.094
2026-09-25 17:45:00-0500,-399.023,2196.107,1797.083
2026-09-25 17:50:00-0500,-317.753,2204.921,1887.168
2026-09-25 17:55:00-0500,-213.397,2176.332,1962.935
2026-09-25 18:00:00-0500,-156.669,2787.519,2630.849
2026-09-25 18:05:00-0500,-226.861,3250.852,3023.99
2026-09-25 18:10:00-0500,-383.725,3806.886,3423.16
2026-09-25 18:15:00-0500,-194.133,4369.174,4175.039
2026-09-25 18:20:00-0500,-76.724,5433.939,5357.215
2026-09-25 18:25:00-0500,-35.267,6502.076,6466.81
2026-09-25 18:30:00-0500,-30.16,7407.786,7377.627
2026-09-25 18:35:00-0500,-63.345,7897.724,7834.38
2026-09-25 18:40:00-0500,-44.271,8501.82,8457.551
2026-09-25 18:45:00-0500,-23.541,9169.566,9146.027
2026-09-25 18:50:00-0500,-28.398,9748.952,9720.554
2026-09-25 18:55:00-0500,-28.974,10108.992,10080.019
2026-09-25 19:00:00-0500,-26.117,10362.157,10336.041
2026-09-25 19:05:00-0500,-15.668,10567.371,10551.704
2026-09-25 19:10:00-0500,-11.247,10755.624,10744.377
2026-09-25 19:15:00-0500,-19.733,10627.383,10607.65
2026-09-25 19:20:00-0500,-39.137,10521.708,10482.572
2026-09-25 19:25:00-0500,-31.534,10465.299,10433.765
2026-09-25 19:30:00-0500,-35.204,10222.846,10187.642
2026-09-25 19:35:00-0500,-14.289,10157.923,10143.634
2026-09-25 19:40:00-0500,-56.422,10100.645,10044.223
2026-09-25 19:45:00-0500,-116.089,9850.429,9734.34
2026-09-25 19:50:00-0500,-60.509,9446.342,9385.834
2026-09-25 19:55:00-0500,-150.27,9048.763,8898.493
2026-09-25 20:00:00-0500,-172.64,8597.786,8425.146
2026-09-25 20:05:00-0500,-105.08,8152.583,8047.503
2026-09-25 20:10:00-0500,-26.227,7680.972,7654.745
2026-09-25 20:15:00-0500,-58.877,7265.468,7206.59
2026-09-25 20:20:00-0500,-74.945,6889.858,6814.912
2026-09-25 20:25:00-0500,-54.778,6459.41,6404.631
2026-09-25 20:30:00-0500,-39.048,6059.232,6020.183
2026-09-25 20:35:00-0500,-31.084,5758.624,5727.54
2026-09-25 20:40:00-0500,-29.887,5603.64,5573.753
2026-09-25 20:45:00-0500,-44.796,5363.259,5318.463
2026-09-25 20:50:00-0500,-164.732,5026.185,4861.453
2026-09-25 20:55:00-0500,-231.742,4710.789,4479.047
2026-09-25 21:00:00-0500,-64.499,4333.286,4268.786
2026-09-25 21:05:00-0500,-156.853,4148.399,3991.546
2026-09-25 21:10:00-0500,-154.68,3558.909,3404.229
2026-09-25 21:15:00-0500,-123.428,2986.488,2863.06
2026-09-25 21:20:00-0500,-275.28,2642.503,2367.222
2026-09-25 21:25:00-0500,-206.062,2175.566,1969.504
2026-09-25 21:30:00-0500,-166.026,1806.977,1640.951
2026-09-25 21:35:00-0500,-371.678,1742.095,1370.416
2026-09-25 21:40:00-0500,-454.081,1639.66,1185.579
2026-09-25 21:45:00-0500,-445.383,1439.402,994.019
2026-09-25 21:50:00-0500,-274.371,1247.723,973.352
2026-09-25 21:55:00-0500,-216.393,1078.095,861.702
2026-09-25 22:00:00-0500,-133.542,1006.628,873.087
2026-09-25 22:05:00-0500,-242.52,858.006,615.486
2026-09-25 22:10:00-0500,-156.769,733.406,576.637
2026-09-25 22:15:00-0500,-68.039,722.886,654.847
2026-09-25 22:20:00-0500,-109.926,701.138,591.212
2026-09-25 22:25:00-0500,-173.4,633.421,460.021
2026-09-25 22:30:00-0500,-172.852,581.046,408.193
2026-09-25 22:35:00-0500,-346.736,483.418,136.683
2026-09-25 22:40:00-0500,-424.419,490.604,66.184
2026-09-25 22:45:00-0500,-567.542,461.052,-106.49
