SCEDTimeStamp,RepeatedHourFlag,ConstraintID,ConstraintName,ContingencyName,ShadowPrice,MaxShadowPrice,Limit,Value,ViolatedMW,FromStation,ToStation,FromStationkV,ToStationkV,CCTStatus
09/25/2026 13:55:19,N,1,138_ALV_NAL_1,SMDOPHR5,0,3500,389.7,312.9,-76.8,TNNALVIN,ALVIN,138,138,NONCOMP
09/25/2026 13:55:19,N,8,GABRIE_AT1,DGABGEA8,0,3500,48.4,45.8,-2.6,GABRIE,GABRIE,69,138,NONCOMP
09/25/2026 13:55:19,N,7,400__A,SFMRRYS5,0,4500,1172.4,1101.7,-70.8,FMRVL,RYSSW,345,345,NONCOMP
09/25/2026 13:55:19,N,17,SNDSW_MR1H,MSNDWCR5,0,4500,742.7,666,-76.6,SNDSW,SNDSW,345,1,COMP
09/25/2026 13:55:19,N,14,LA_PALMA_XF1A,MKNGSTE5,39.07438,4500,625.6,625.6,0,LA_PALMA,LA_PALMA,345,1,COMP
09/25/2026 13:55:19,N,20,MDOPHR99_A,DWAP_OB5,1.31344,4500,1313.9,1313.9,0,MDO,PHR,345,345,NONCOMP
09/25/2026 13:55:19,N,9,BI_JN_64_A,DWAP_BI5,0,4500,1312.6,1287.8,-24.8,JN,BI,345,345,NONCOMP
09/25/2026 13:55:19,N,5,36040__A,DSNDBGR5,0,4500,2013.7,1750,-263.7,KNBSW,SALSW,345,345,COMP
09/25/2026 13:55:19,N,10,CKT_1027_1,DSALHUT5,9.20975,3500,710,710,0,DUNLAP,DECKER,138,138,COMP
09/25/2026 13:55:19,N,12,1715__B,DSALHUT5,0,3500,326,315,-11,TMPSW,FRYSW,138,138,NONCOMP
09/25/2026 13:55:19,N,18,1710__A,DSALHUT5,131.39325,3500,236.2,236.2,0,SALDS,SONTERRA,138,138,COMP
09/25/2026 13:55:19,N,3,1545__A,DPRSHWK8,40.70721,3500,238,238,0,FLTSW,PRSSW,138,138,NONCOMP
09/25/2026 13:55:19,N,15,455__A,SBCESN35,0,4500,1179.5,1009.8,-169.7,BGRSW,SNDSW,345,345,COMP
09/25/2026 13:55:19,N,4,1020__A,DELMWWE8,8.64981,3500,204.6,204.6,0,ELMOT,MCTYE,138,138,NONCOMP
09/25/2026 13:55:19,N,11,SEA_AAT1,DFRYBC58,0,3500,99.7,97.2,-2.5,SEA,SEA,138,69,NONCOMP
09/25/2026 13:55:19,N,6,WAPWLY72_A,DBLW2JC5,0,4500,1789.8,1665.3,-124.5,WLY,WAP,345,345,NONCOMP
09/25/2026 13:55:19,N,13,SLKSW_AX1L,SRVRSLK5,0,3500,748.4,652.9,-95.6,SLKSW,SLKSW,1,138,COMP
09/25/2026 13:55:19,N,2,1545__A,SPRSPAR8,0,3500,238.8,192.8,-46,FLTSW,PRSSW,138,138,NONCOMP
09/25/2026 13:55:19,N,16,1275__A,SBLURDH8,0,3500,204,197.8,-6.3,WDBSW,HLSBR,138,138,NONCOMP
09/25/2026 13:55:19,N,19,GN_PZ_08_A,SMDOOAS5,0,3500,383.4,362.2,-21.2,GN,PZ,138,138,NONCOMP
09/25/2026 13:50:18,N,14,1275__A,SBLURDH8,0,3500,204.1,165.7,-38.4,WDBSW,HLSBR,138,138,NONCOMP
09/25/2026 13:50:18,N,2,1545__A,SPRSPAR8,0,3500,238.7,195.4,-43.3,FLTSW,PRSSW,138,138,NONCOMP
09/25/2026 13:50:18,N,1,138_ALV_NAL_1,SMDOPHR5,0,3500,389.7,314.3,-75.4,TNNALVIN,ALVIN,138,138,NONCOMP
09/25/2026 13:50:18,N,4,1020__A,DELMWWE8,0,3500,204.5,198.3,-6.2,ELMOT,MCTYE,138,138,NONCOMP
09/25/2026 13:50:18,N,6,WAPWLY72_A,DBLW2JC5,0,4500,1789.7,1710.9,-78.8,WLY,WAP,345,345,NONCOMP
09/25/2026 13:50:18,N,15,SNDSW_MR1H,MSNDWCR5,0,4500,742.1,683,-59.2,SNDSW,SNDSW,345,1,COMP
09/25/2026 13:50:18,N,11,SLKSW_AX1L,SRVRSLK5,0,3500,748.4,691.6,-56.8,SLKSW,SLKSW,1,138,COMP
09/25/2026 13:50:18,N,9,SEA_AAT1,DFRYBC58,0,3500,99.6,98.5,-1,SEA,SEA,138,69,NONCOMP
09/25/2026 13:50:18,N,18,MDOPHR99_A,DWAP_OB5,8.90609,4500,1313.9,1313.9,0,MDO,PHR,345,345,NONCOMP
09/25/2026 13:50:18,N,12,LA_PALMA_XF1A,MKNGSTE5,0.63454,4500,625.6,625.6,0,LA_PALMA,LA_PALMA,345,1,COMP
09/25/2026 13:50:18,N,17,GN_PZ_08_A,SMDOOAS5,0,3500,383.3,367.7,-15.6,GN,PZ,138,138,NONCOMP
09/25/2026 13:50:18,N,8,CKT_1027_1,DSALHUT5,103.60123,3500,705.7,705.7,0,DUNLAP,DECKER,138,138,COMP
09/25/2026 13:50:18,N,13,455__A,SBCESN35,0,4500,1179.5,1043.9,-135.6,BGRSW,SNDSW,345,345,COMP
09/25/2026 13:50:18,N,7,400__A,SFMRRYS5,0,4500,1171.7,1043.9,-127.8,FMRVL,RYSSW,345,345,NONCOMP
09/25/2026 13:50:18,N,5,36040__A,DSNDBGR5,0,4500,2013.6,1806.8,-206.7,KNBSW,SALSW,345,345,COMP
09/25/2026 13:50:18,N,10,1715__B,DSALHUT5,0,3500,326.5,312.4,-14.1,TMPSW,FRYSW,138,138,NONCOMP
09/25/2026 13:50:18,N,16,1710__A,DSALHUT5,197.50775,3500,236.2,236.2,0,SALDS,SONTERRA,138,138,COMP
09/25/2026 13:50:18,N,3,1545__A,DPRSHWK8,38.13825,3500,238.4,238.4,0,FLTSW,PRSSW,138,138,NONCOMP
09/25/2026 13:45:18,N,2,1545__A,SPRSPAR8,0,3500,238.8,190,-48.7,FLTSW,PRSSW,138,138,NONCOMP
09/25/2026 13:45:18,N,9,SEA_AAT1,DFRYBC58,46.52124,3500,98.5,98.5,0,SEA,SEA,138,69,NONCOMP
09/25/2026 13:45:18,N,4,1020__A,DELMWWE8,0,3500,204.5,199.1,-5.5,ELMOT,MCTYE,138,138,NONCOMP
09/25/2026 13:45:18,N,17,GN_PZ_08_A,SMDOOAS5,0,3500,383.3,370,-13.3,GN,PZ,138,138,NONCOMP
09/25/2026 13:45:18,N,7,400__A,SFMRRYS5,0,4500,1170.7,1091.1,-79.6,FMRVL,RYSSW,345,345,NONCOMP
09/25/2026 13:45:18,N,12,LA_PALMA_XF1A,MKNGSTE5,0,4500,625.6,619.7,-5.8,LA_PALMA,LA_PALMA,345,1,COMP
09/25/2026 13:45:18,N,18,MDOPHR99_A,DWAP_OB5,5.34205,4500,1314,1314,0,MDO,PHR,345,345,NONCOMP
09/25/2026 13:45:18,N,5,36040__A,DSNDBGR5,0,4500,2013.9,1827,-186.9,KNBSW,SALSW,345,345,COMP
09/25/2026 13:45:18,N,8,CKT_1027_1,DSALHUT5,41.3936,3500,710,710,0,DUNLAP,DECKER,138,138,COMP
09/25/2026 13:45:18,N,10,1715__B,DSALHUT5,0,3500,326.6,321.7,-5,TMPSW,FRYSW,138,138,NONCOMP
09/25/2026 13:45:18,N,16,1710__A,DSALHUT5,307.70514,3500,236.2,236.2,0,SALDS,SONTERRA,138,138,COMP
09/25/2026 13:45:18,N,3,1545__A,DPRSHWK8,38.93893,3500,238.5,238.5,0,FLTSW,PRSSW,138,138,NONCOMP
09/25/2026 13:45:18,N,6,WAPWLY72_A,DBLW2JC5,0,4500,1789.5,1658.4,-131.2,WLY,WAP,345,345,NONCOMP
09/25/2026 13:45:18,N,11,SLKSW_AX1L,SRVRSLK5,0,3500,748.4,691.5,-57,SLKSW,SLKSW,1,138,COMP
09/25/2026 13:45:18,N,1,138_ALV_NAL_1,SMDOPHR5,0,3500,389.7,315,-74.8,TNNALVIN,ALVIN,138,138,NONCOMP
09/25/2026 13:45:18,N,13,455__A,SBCESN35,0,4500,1179.5,1064.4,-115.1,BGRSW,SNDSW,345,345,COMP
09/25/2026 13:45:18,N,15,SNDSW_MR1H,MSNDWCR5,0,4500,741.7,692.1,-49.6,SNDSW,SNDSW,345,1,COMP
09/25/2026 13:45:18,N,14,1275__A,SBLURDH8,0,3500,204,189.4,-14.5,WDBSW,HLSBR,138,138,NONCOMP
09/25/2026 13:40:18,N,7,36040__A,DSNDBGR5,0,4500,2013.2,1861.2,-152.1,KNBSW,SALSW,345,345,COMP
09/25/2026 13:40:18,N,6,400__A,SFMRRYS5,0,4500,1170.8,1101.9,-68.9,FMRVL,RYSSW,345,345,NONCOMP
09/25/2026 13:40:18,N,10,1715__B,DSALHUT5,13.21146,3500,326.7,326.7,0,TMPSW,FRYSW,138,138,NONCOMP
09/25/2026 13:40:18,N,16,1710__A,DSALHUT5,0,3500,236.2,234.8,-1.4,SALDS,SONTERRA,138,138,COMP
09/25/2026 13:40:18,N,3,1545__A,DPRSHWK8,40.43364,3500,238.5,238.5,0,FLTSW,PRSSW,138,138,NONCOMP
09/25/2026 13:40:18,N,8,SEA_AAT1,DFRYBC58,1269.1731,3500,98.6,98.6,0,SEA,SEA,138,69,NONCOMP
09/25/2026 13:40:18,N,4,1020__A,DELMWWE8,9.28649,3500,204.5,204.5,0,ELMOT,MCTYE,138,138,NONCOMP
09/25/2026 13:40:18,N,12,SLKSW_AX1L,SRVRSLK5,0,3500,748.1,690.3,-57.8,SLKSW,SLKSW,1,138,COMP
09/25/2026 13:40:18,N,2,1545__A,SPRSPAR8,0,3500,238.8,187.7,-51.1,FLTSW,PRSSW,138,138,NONCOMP
09/25/2026 13:40:18,N,1,138_ALV_NAL_1,SMDOPHR5,0,3500,389.8,315.4,-74.4,TNNALVIN,ALVIN,138,138,NONCOMP
09/25/2026 13:40:18,N,14,GN_PZ_08_A,SMDOOAS5,0,3500,383.3,368.5,-14.7,GN,PZ,138,138,NONCOMP
09/25/2026 13:40:18,N,11,455__A,SBCESN35,0,4500,1179.5,1076.3,-103.2,BGRSW,SNDSW,345,345,COMP
09/25/2026 13:40:18,N,15,SNDSW_MR1H,MSNDWCR5,0,4500,742.3,698.2,-44.1,SNDSW,SNDSW,345,1,COMP
09/25/2026 13:40:18,N,13,LA_PALMA_XF1A,MKNGSTE5,16.63091,4500,625.5,625.5,0,LA_PALMA,LA_PALMA,345,1,COMP
09/25/2026 13:40:18,N,17,MDOPHR99_A,DWAP_OB5,2.53737,4500,1314,1314,0,MDO,PHR,345,345,NONCOMP
09/25/2026 13:40:18,N,5,WAPWLY72_A,DBLW2JC5,0,4500,1789.3,1756.8,-32.6,WLY,WAP,345,345,NONCOMP
09/25/2026 13:40:18,N,9,CKT_1027_1,DSALHUT5,100.77464,3500,706,706,0,DUNLAP,DECKER,138,138,COMP
09/25/2026 13:35:17,N,15,GN_PZ_08_A,SMDOOAS5,0,3500,383.3,370.9,-12.4,GN,PZ,138,138,NONCOMP
09/25/2026 13:35:17,N,12,455__A,SBCESN35,0,4500,1179.4,1078.4,-101.1,BGRSW,SNDSW,345,345,COMP
09/25/2026 13:35:17,N,2,1545__A,SPRSPAR8,0,3500,238.7,211.8,-26.9,FLTSW,PRSSW,138,138,NONCOMP
09/25/2026 13:35:17,N,11,HEXT_MASONS1_1,SJUNYEL9,0,2800,24.4,20.6,-3.8,HEXT,MASONSW,69,69,NONCOMP
09/25/2026 13:35:17,N,5,WAPWLY72_A,DBLW2JC5,0,4500,1788.8,1706,-82.8,WLY,WAP,345,345,NONCOMP
09/25/2026 13:35:17,N,4,1020__A,DELMWWE8,11.15259,3500,204.5,204.5,0,ELMOT,MCTYE,138,138,NONCOMP
09/25/2026 13:35:17,N,16,BELCNTY_XFMR,DFRYBC58,0,3500,73.2,65.4,-7.8,BELCNTY,BELCNTY,69,138,NONCOMP
09/25/2026 13:35:17,N,13,SLKSW_AX1L,SRVRSLK5,0,3500,747.9,709.7,-38.2,SLKSW,SLKSW,1,138,COMP
09/25/2026 13:35:17,N,3,1545__A,DPRSHWK8,41.4178,3500,238.5,238.5,0,FLTSW,PRSSW,138,138,NONCOMP
09/25/2026 13:35:17,N,8,SEA_AAT1,DFRYBC58,0,3500,99.5,98.4,-1.1,SEA,SEA,138,69,NONCOMP
09/25/2026 13:35:17,N,7,GABRIE_AT1,DSALGA58,0,3500,48.9,43.2,-5.8,GABRIE,GABRIE,69,138,NONCOMP
09/25/2026 13:35:17,N,18,1710__A,DSALHUT5,37.40742,3500,236.3,236.3,0,SALDS,SONTERRA,138,138,COMP
09/25/2026 13:35:17,N,10,1715__B,DSALHUT5,0,3500,325.9,311.2,-14.7,TMPSW,FRYSW,138,138,NONCOMP
09/25/2026 13:35:17,N,19,MDOPHR99_A,DWAP_OB5,3.02765,4500,1314,1314,0,MDO,PHR,345,345,NONCOMP
09/25/2026 13:35:17,N,9,CKT_1027_1,DSALHUT5,94.34491,3500,706,706,0,DUNLAP,DECKER,138,138,COMP
09/25/2026 13:35:17,N,6,36040__A,DSNDBGR5,0,4500,2013.3,1860.4,-153,KNBSW,SALSW,345,345,COMP
09/25/2026 13:35:17,N,14,LA_PALMA_XF1A,MKNGSTE5,0,4500,625.6,606.1,-19.5,LA_PALMA,LA_PALMA,345,1,COMP
09/25/2026 13:35:17,N,17,SNDSW_MR1H,MSNDWCR5,0,4500,742.4,700.2,-42.2,SNDSW,SNDSW,345,1,COMP
09/25/2026 13:35:17,N,1,138_ALV_NAL_1,SMDOPHR5,0,3500,389.8,319.8,-69.9,TNNALVIN,ALVIN,138,138,NONCOMP
09/25/2026 13:30:17,N,2,1545__A,SPRSPAR8,0,3500,238.8,210.9,-27.9,FLTSW,PRSSW,138,138,NONCOMP
09/25/2026 13:30:17,N,13,SLKSW_AX1L,SRVRSLK5,0,3500,747.6,721.6,-26,SLKSW,SLKSW,1,138,COMP
09/25/2026 13:30:17,N,12,455__A,SBCESN35,0,4500,1179.5,1084.2,-95.3,BGRSW,SNDSW,345,345,COMP
09/25/2026 13:30:17,N,11,HEXT_MASONS1_1,SJUNYEL9,0,2800,23,19.6,-3.4,HEXT,MASONSW,69,69,NONCOMP
09/25/2026 13:30:17,N,15,GN_PZ_08_A,SMDOOAS5,0,3500,383.1,374.8,-8.3,GN,PZ,138,138,NONCOMP
09/25/2026 13:30:17,N,1,138_ALV_NAL_1,SMDOPHR5,0,3500,389.6,327,-62.6,TNNALVIN,ALVIN,138,138,NONCOMP
09/25/2026 13:30:17,N,17,SNDSW_MR1H,MSNDWCR5,0,4500,742.3,703.6,-38.7,SNDSW,SNDSW,345,1,COMP
09/25/2026 13:30:17,N,5,WAPWLY72_A,DBLW2JC5,0,4500,1788.9,1720.8,-68.1,WLY,WAP,345,345,NONCOMP
09/25/2026 13:30:17,N,4,1020__A,DELMWWE8,10.60349,3500,204.5,204.5,0,ELMOT,MCTYE,138,138,NONCOMP
09/25/2026 13:30:17,N,3,1545__A,DPRSHWK8,40.70444,3500,238.4,238.4,0,FLTSW,PRSSW,138,138,NONCOMP
09/25/2026 13:30:17,N,18,1710__A,DSALHUT5,37.10619,3500,236.3,236.3,0,SALDS,SONTERRA,138,138,COMP
09/25/2026 13:30:17,N,10,1715__B,DSALHUT5,0,3500,326.3,312.3,-14,TMPSW,FRYSW,138,138,NONCOMP
09/25/2026 13:30:17,N,6,36040__A,DSNDBGR5,0,4500,2012.7,1876,-136.7,KNBSW,SALSW,345,345,COMP
09/25/2026 13:30:17,N,16,BELCNTY_XFMR,DFRYBC58,0,3500,73.2,66.3,-6.9,BELCNTY,BELCNTY,69,138,NONCOMP
09/25/2026 13:30:17,N,9,CKT_1027_1,DSALHUT5,49.02701,3500,706,706,0,DUNLAP,DECKER,138,138,COMP
09/25/2026 13:30:17,N,7,GABRIE_AT1,DSALGA58,0,3500,48.9,43.4,-5.6,GABRIE,GABRIE,69,138,NONCOMP
09/25/2026 13:30:17,N,14,LA_PALMA_XF1A,MKNGSTE5,12.17704,4500,625.7,625.7,0,LA_PALMA,LA_PALMA,345,1,COMP
09/25/2026 13:30:17,N,8,SEA_AAT1,DFRYBC58,0,3500,99.6,97.4,-2.2,SEA,SEA,138,69,NONCOMP
09/25/2026 13:25:17,N,10,HEXT_MASONS1_1,SJUNYEL9,0,2800,23.5,20,-3.6,HEXT,MASONSW,69,69,NONCOMP
09/25/2026 13:25:17,N,16,SNDSW_MR1H,MSNDWCR5,0,4500,741.8,702,-39.8,SNDSW,SNDSW,345,1,COMP
09/25/2026 13:25:17,N,13,LA_PALMA_XF1A,MKNGSTE5,18.01782,4500,625.8,625.8,0,LA_PALMA,LA_PALMA,345,1,COMP
09/25/2026 13:25:17,N,5,36040__A,DSNDBGR5,0,4500,2013.7,1890.4,-123.3,KNBSW,SALSW,345,345,COMP
09/25/2026 13:25:17,N,8,CKT_1027_1,DSALHUT5,42.76928,3500,710,710,0,DUNLAP,DECKER,138,138,COMP
09/25/2026 13:25:17,N,11,1715__B,DSALHUT5,0,3500,325.6,310.7,-14.9,TMPSW,FRYSW,138,138,NONCOMP
09/25/2026 13:25:17,N,17,1710__A,DSALHUT5,45.50165,3500,236.3,236.3,0,SALDS,SONTERRA,138,138,COMP
09/25/2026 13:25:17,N,6,GABRIE_AT1,DSALGA58,0,3500,48.9,43.4,-5.5,GABRIE,GABRIE,69,138,NONCOMP
09/25/2026 13:25:17,N,3,1545__A,DPRSHWK8,41.25251,3500,238.3,238.3,0,FLTSW,PRSSW,138,138,NONCOMP
09/25/2026 13:25:17,N,12,SLKSW_AX1L,SRVRSLK5,12.02741,3500,747.8,747.8,0,SLKSW,SLKSW,1,138,COMP
09/25/2026 13:25:17,N,15,BELCNTY_XFMR,DFRYBC58,0,3500,73.2,66,-7.2,BELCNTY,BELCNTY,69,138,NONCOMP
09/25/2026 13:25:17,N,2,1545__A,SPRSPAR8,0,3500,238.7,180.9,-57.8,FLTSW,PRSSW,138,138,NONCOMP
09/25/2026 13:25:17,N,9,SEA_AAT1,DFRYBC58,0,3500,99.5,97.8,-1.7,SEA,SEA,138,69,NONCOMP
09/25/2026 13:25:17,N,4,1020__A,DELMWWE8,0,3500,204.5,202.6,-1.9,ELMOT,MCTYE,138,138,NONCOMP
09/25/2026 13:25:17,N,7,WAPWLY72_A,DBLW2JC5,0,4500,1789.1,1692.2,-96.9,WLY,WAP,345,345,NONCOMP
09/25/2026 13:25:17,N,1,138_ALV_NAL_1,SMDOPHR5,0,3500,389.5,322.7,-66.8,TNNALVIN,ALVIN,138,138,NONCOMP
09/25/2026 13:25:17,N,14,455__A,SBCESN35,0,4500,1179.5,1081.7,-97.7,BGRSW,SNDSW,345,345,COMP
09/25/2026 13:20:18,N,5,GABRIE_AT1,DSALGA58,0,3500,48.9,43,-5.9,GABRIE,GABRIE,69,138,NONCOMP
09/25/2026 13:20:18,N,4,36040__A,DSNDBGR5,0,4500,2013,1902.5,-110.6,KNBSW,SALSW,345,345,COMP
09/25/2026 13:20:18,N,14,BELCNTY_XFMR,DFRYBC58,0,3500,73.1,65.5,-7.6,BELCNTY,BELCNTY,69,138,NONCOMP
09/25/2026 13:20:18,N,8,SEA_AAT1,DFRYBC58,1011.82947,3500,98.4,98.4,0,SEA,SEA,138,69,NONCOMP
09/25/2026 13:20:18,N,3,1020__A,DELMWWE8,23.08004,3500,204.5,204.5,0,ELMOT,MCTYE,138,138,NONCOMP
09/25/2026 13:20:18,N,11,SLKSW_AX1L,SRVRSLK5,11.82653,3500,747.7,747.7,0,SLKSW,SLKSW,1,138,COMP
09/25/2026 13:20:18,N,6,WAPWLY72_A,DBLW2JC5,0,4500,1788.7,1703.1,-85.6,WLY,WAP,345,345,NONCOMP
09/25/2026 13:20:18,N,12,LA_PALMA_XF1A,MKNGSTE5,31.68728,4500,625.9,625.9,0,LA_PALMA,LA_PALMA,345,1,COMP
09/25/2026 13:20:18,N,15,SNDSW_MR1H,MSNDWCR5,0,4500,741.8,709.1,-32.7,SNDSW,SNDSW,345,1,COMP
09/25/2026 13:20:18,N,1,1545__A,SPRSPAR8,0,3500,238.8,174,-64.8,FLTSW,PRSSW,138,138,NONCOMP
09/25/2026 13:20:18,N,9,HEXT_MASONS1_1,SJUNYEL9,0,2800,22.8,18.6,-4.2,HEXT,MASONSW,69,69,NONCOMP
09/25/2026 13:20:18,N,10,1715__B,DSALHUT5,5.77406,3500,325.9,325.9,0,TMPSW,FRYSW,138,138,NONCOMP
09/25/2026 13:20:18,N,16,1710__A,DSALHUT5,0,3500,236.3,236.1,-0.2,SALDS,SONTERRA,138,138,COMP
09/25/2026 13:20:18,N,7,CKT_1027_1,DSALHUT5,18.54257,3500,706.4,706.4,0,DUNLAP,DECKER,138,138,COMP
09/25/2026 13:20:18,N,13,455__A,SBCESN35,0,4500,1179.4,1094.6,-84.8,BGRSW,SNDSW,345,345,COMP
09/25/2026 13:20:18,N,2,1545__A,DPRSHWK8,37.71311,3500,238.7,238.7,0,FLTSW,PRSSW,138,138,NONCOMP
09/25/2026 13:15:18,N,15,SLKSW_AX1L,SRVRSLK5,0,3500,747.4,739.1,-8.3,SLKSW,SLKSW,1,138,COMP
09/25/2026 13:15:18,N,13,LA_PALMA_XF1A,MKNGSTE5,12.78185,4500,626,626,0,LA_PALMA,LA_PALMA,345,1,COMP
09/25/2026 13:15:18,N,6,36040__A,DSNDBGR5,0,4500,2013.1,1972.2,-40.9,KNBSW,SALSW,345,345,COMP
09/25/2026 13:15:18,N,8,CKT_1027_1,DSALHUT5,48.32512,3500,706.2,706.2,0,DUNLAP,DECKER,138,138,COMP
09/25/2026 13:15:18,N,10,1715__B,DSALHUT5,0,3500,325.5,315.9,-9.6,TMPSW,FRYSW,138,138,NONCOMP
09/25/2026 13:15:18,N,18,1710__A,DSALHUT5,51.31749,3500,236.3,236.3,0,SALDS,SONTERRA,138,138,COMP
09/25/2026 13:15:18,N,7,GABRIE_AT1,DSALGA58,0,3500,48.9,44,-4.8,GABRIE,GABRIE,69,138,NONCOMP
09/25/2026 13:15:18,N,2,1545__A,DPRSHWK8,40.32273,3500,238.6,238.6,0,FLTSW,PRSSW,138,138,NONCOMP
09/25/2026 13:15:18,N,19,BELCNTY_XFMR,DFRYBC58,0,3500,73,66.2,-6.8,BELCNTY,BELCNTY,69,138,NONCOMP
09/25/2026 13:15:18,N,4,1020__A,DELMWWE8,0,3500,204.5,201.6,-2.9,ELMOT,MCTYE,138,138,NONCOMP
09/25/2026 13:15:18,N,5,WAPWLY72_A,DBLW2JC5,0,4500,1789.7,1741.9,-47.8,WLY,WAP,345,345,NONCOMP
09/25/2026 13:15:18,N,14,455__A,SBCESN35,0,4500,1179.4,1099.8,-79.6,BGRSW,SNDSW,345,345,COMP
09/25/2026 13:15:18,N,9,NLARSW_PILONC1_1,MLOFOAV5,59.93754,3500,124.9,124.9,0,PILONCIL,NLARSW,138,138,COMP
09/25/2026 13:15:18,N,16,ASHERT_CATARI1_1,MLOFOAV5,0,3500,135.2,132.9,-2.2,ASHERTON,CATARINA,138,138,COMP
09/25/2026 13:15:18,N,12,SND_ORAN_1,MLOFOAV5,0,2800,43,37.1,-5.9,ORNGROV,SNDIEGS,69,69,COMP
09/25/2026 13:15:18,N,1,1545__A,SPRSPAR8,0,3500,238.8,181.3,-57.4,FLTSW,PRSSW,138,138,NONCOMP
09/25/2026 13:15:18,N,11,HEXT_MASONS1_1,SJUNYEL9,0,2800,23.4,20,-3.5,HEXT,MASONSW,69,69,NONCOMP
09/25/2026 13:15:18,N,17,SNDSW_MR1H,MSNDWCR5,0,4500,741.3,710.2,-31.1,SNDSW,SNDSW,345,1,COMP
09/25/2026 13:15:18,N,3,BALLINGE_FMRL,SFTCGAR8,0,2800,61.1,55.6,-5.5,BALLINGE,BALLINGE,1,69,NONCOMP
09/25/2026 13:10:17,N,18,1710__A,DSALHUT5,0,3500,236.3,234.6,-1.7,SALDS,SONTERRA,138,138,COMP
09/25/2026 13:10:17,N,9,HEXT_MASONS1_1,SJUNYEL9,0,2800,23.4,19.8,-3.6,HEXT,MASONSW,69,69,NONCOMP
09/25/2026 13:10:17,N,16,BELCNTY_XFMR,DFRYBC58,0,3500,72.9,64.6,-8.3,BELCNTY,BELCNTY,69,138,NONCOMP
09/25/2026 13:10:17,N,2,1020__A,DELMWWE8,9.69797,3500,204.5,204.5,0,ELMOT,MCTYE,138,138,NONCOMP
09/25/2026 13:10:17,N,6,WAPWLY72_A,DBLW2JC5,0,4500,1789.6,1686.3,-103.3,WLY,WAP,345,345,NONCOMP
09/25/2026 13:10:17,N,3,BALLINGE_FMRL,SFTCGAR8,0,2800,61.7,35.4,-26.3,BALLINGE,BALLINGE,1,69,NONCOMP
09/25/2026 13:10:17,N,15,455__A,SBCESN35,0,4500,1179.4,1109.2,-70.3,BGRSW,SNDSW,345,345,COMP
09/25/2026 13:10:17,N,7,CKT_1027_1,DSALHUT5,36.55561,3500,691.7,691.7,0,DUNLAP,DECKER,138,138,COMP
09/25/2026 13:10:17,N,11,1715__B,DSALHUT5,0,3500,325.4,314.6,-10.8,TMPSW,FRYSW,138,138,NONCOMP
09/25/2026 13:10:17,N,1,1545__A,SPRSPAR8,7.99739,3500,238.8,238.8,0,FLTSW,PRSSW,138,138,NONCOMP
09/25/2026 13:10:17,N,12,SLKSW_AX1L,SRVRSLK5,12.45654,3500,746.4,746.4,0,SLKSW,SLKSW,1,138,COMP
09/25/2026 13:10:17,N,17,SNDSW_MR1H,MSNDWCR5,0,4500,740.8,713,-27.8,SNDSW,SNDSW,345,1,COMP
09/25/2026 13:10:17,N,10,SND_ORAN_1,MLOFOAV5,0,2800,43.1,37.1,-5.9,ORNGROV,SNDIEGS,69,69,COMP
09/25/2026 13:10:17,N,8,NLARSW_PILONC1_1,MLOFOAV5,0,3500,125.2,119.9,-5.3,PILONCIL,NLARSW,138,138,COMP
09/25/2026 13:10:17,N,4,36040__A,DSNDBGR5,0,4500,2013.2,1911.3,-102,KNBSW,SALSW,345,345,COMP
09/25/2026 13:10:17,N,13,ASHERT_CATARI1_1,MLOFOAV5,0,3500,135.1,127.9,-7.2,ASHERTON,CATARINA,138,138,COMP
09/25/2026 13:10:17,N,14,LA_PALMA_XF1A,MKNGSTE5,40.83948,4500,625.8,625.8,0,LA_PALMA,LA_PALMA,345,1,COMP
09/25/2026 13:10:17,N,5,GABRIE_AT1,DSALGA58,0,3500,48.8,43,-5.8,GABRIE,GABRIE,69,138,NONCOMP
09/25/2026 13:05:20,N,4,36040__A,DSNDBGR5,0,4500,2013.7,1945.1,-68.6,KNBSW,SALSW,345,345,COMP
09/25/2026 13:05:20,N,10,LA_PALMA_XF1A,MKNGSTE5,32.20701,4500,625.9,625.9,0,LA_PALMA,LA_PALMA,345,1,COMP
09/25/2026 13:05:20,N,15,1710__A,DSALHUT5,10.45126,3500,235.7,235.7,0,SALDS,SONTERRA,138,138,COMP
09/25/2026 13:05:20,N,5,GABRIE_AT1,DSALGA58,0,3500,48.8,43.7,-5.2,GABRIE,GABRIE,69,138,NONCOMP
09/25/2026 13:05:20,N,16,BELCNTY_XFMR,DFRYBC58,0,3500,72.9,66.1,-6.8,BELCNTY,BELCNTY,69,138,NONCOMP
09/25/2026 13:05:20,N,2,1020__A,DELMWWE8,8.74188,3500,204,204,0,ELMOT,MCTYE,138,138,NONCOMP
09/25/2026 13:05:20,N,13,ASHERT_CATARI1_1,MLOFOAV5,0,3500,135.1,122.7,-12.4,ASHERTON,CATARINA,138,138,COMP
09/25/2026 13:05:20,N,3,WAPWLY72_A,DBLW2JC5,0,4500,1789.1,1675,-114.1,WLY,WAP,345,345,NONCOMP
09/25/2026 13:05:20,N,9,SND_ORAN_1,MLOFOAV5,0,2800,43.1,37.5,-5.6,ORNGROV,SNDIEGS,69,69,COMP
09/25/2026 13:05:20,N,6,NLARSW_PILONC1_1,MLOFOAV5,0,3500,124.6,115.2,-9.4,PILONCIL,NLARSW,138,138,COMP
09/25/2026 13:05:20,N,14,SNDSW_MR1H,MSNDWCR5,0,4500,741,719.4,-21.6,SNDSW,SNDSW,345,1,COMP
09/25/2026 13:05:20,N,11,455__A,SBCESN35,0,4500,1176.3,1121.7,-54.6,BGRSW,SNDSW,345,345,COMP
09/25/2026 13:05:20,N,8,HEXT_MASONS1_1,SJUNYEL9,0,2800,23.6,19.7,-3.8,HEXT,MASONSW,69,69,NONCOMP
09/25/2026 13:05:20,N,12,SLKSW_AX1L,SRVRSLK5,7.62107,3500,747.6,747.6,0,SLKSW,SLKSW,1,138,COMP
09/25/2026 13:05:20,N,1,BALLINGE_FMRL,SFTCGAR8,0,2800,61.8,28.8,-33,BALLINGE,BALLINGE,1,69,NONCOMP
09/25/2026 13:05:20,N,7,CKT_1027_1,DSALHUT5,78.89499,3500,691.6,691.6,0,DUNLAP,DECKER,138,138,COMP
09/25/2026 13:00:19,N,9,SND_ORAN_1,MLOFOAV5,0,2800,43.3,35.6,-7.6,ORNGROV,SNDIEGS,69,69,COMP
09/25/2026 13:00:19,N,10,LA_PALMA_XF1A,MKNGSTE5,0,4500,626.1,625,-1.2,LA_PALMA,LA_PALMA,345,1,COMP
09/25/2026 13:00:19,N,4,36040__A,DSNDBGR5,0,4500,2022.5,1942.4,-80.2,KNBSW,SALSW,345,345,COMP
09/25/2026 13:00:19,N,6,CKT_1027_1,DSALHUT5,88.94555,3500,691.9,691.9,0,DUNLAP,DECKER,138,138,COMP
09/25/2026 13:00:19,N,15,1710__A,DSALHUT5,0,3500,240.2,239.9,-0.3,SALDS,SONTERRA,138,138,COMP
09/25/2026 13:00:19,N,5,GABRIE_AT1,DSALGA58,0,3500,48.8,43.4,-5.4,GABRIE,GABRIE,69,138,NONCOMP
09/25/2026 13:00:19,N,16,BELCNTY_XFMR,DFRYBC58,0,3500,73.1,65.8,-7.4,BELCNTY,BELCNTY,69,138,NONCOMP
09/25/2026 13:00:19,N,8,HEXT_MASONS1_1,SJUNYEL9,0,2800,23.3,19.4,-3.8,HEXT,MASONSW,69,69,NONCOMP
09/25/2026 13:00:19,N,11,455__A,SBCESN35,0,4500,1199.2,1140.9,-58.3,BGRSW,SNDSW,345,345,COMP
09/25/2026 13:00:19,N,14,SNDSW_MR1H,MSNDWCR5,0,4500,741.8,728.8,-13,SNDSW,SNDSW,345,1,COMP
09/25/2026 13:00:19,N,7,NLARSW_PILONC1_1,MLOFOAV5,54.44992,3500,125.8,125.8,0,PILONCIL,NLARSW,138,138,COMP
09/25/2026 13:00:19,N,13,ASHERT_CATARI1_1,MLOFOAV5,0,3500,137.6,133.6,-4,ASHERTON,CATARINA,138,138,COMP
09/25/2026 13:00:19,N,3,WAPWLY72_A,DBLW2JC5,0,4500,1790.9,1535.9,-255.1,WLY,WAP,345,345,NONCOMP
09/25/2026 13:00:19,N,2,1020__A,DELMWWE8,9.26061,3500,207.8,207.8,0,ELMOT,MCTYE,138,138,NONCOMP
09/25/2026 13:00:19,N,1,BALLINGE_FMRL,SFTCGAR8,0,2800,61.8,35.1,-26.7,BALLINGE,BALLINGE,1,69,NONCOMP
09/25/2026 13:00:19,N,12,SLKSW_AX1L,SRVRSLK5,0,3500,748,714,-34,SLKSW,SLKSW,1,138,COMP
