"STATION","DATE","SOURCE","REPORT_TYPE","CALL_SIGN","QUALITY_CONTROL","TMP"
"72254013904","2021-02-15T00:00:00","4","FM-12","99999","V020","-0061,1"
"72254013904","2021-02-15T00:29:00","7","FM-16","KAUS ","V030","-0056,5"
"72254013904","2021-02-15T00:51:00","6","FM-16","KAUS ","V030","-0060,5"
"72254013904","2021-02-15T00:53:00","7","FM-15","KAUS ","V030","-0061,5"
"72254013904","2021-02-15T01:18:00","7","FM-16","KAUS ","V030","-0067,5"
"72254013904","2021-02-15T01:51:00","6","FM-16","KAUS ","V030","-0070,5"
"72254013904","2021-02-15T01:53:00","7","FM-15","KAUS ","V030","-0072,5"
"72254013904","2021-02-15T02:51:00","6","FM-16","KAUS ","V030","-0080,5"
"72254013904","2021-02-15T02:53:00","7","FM-15","KAUS ","V030","-0078,5"
"72254013904","2021-02-15T03:53:00","7","FM-15","KAUS ","V030","-0083,5"
"72254013904","2021-02-15T04:51:00","6","FM-16","KAUS ","V030","-0090,5"
"72254013904","2021-02-15T04:53:00","7","FM-15","KAUS ","V030","-0089,5"
"72254013904","2021-02-15T05:11:00","7","FM-16","KAUS ","V030","-0094,5"
"72254013904","2021-02-15T05:35:00","7","FM-16","KAUS ","V030","-0094,5"
"72254013904","2021-02-15T05:51:00","6","FM-16","KAUS ","V030","-0100,5"
"72254013904","2021-02-15T05:53:00","7","FM-15","KAUS ","V030","-0100,5"
"72254013904","2021-02-15T05:59:00","6","SOD  ","KAUS ","V030","+9999,9"
"72254013904","2021-02-15T06:00:00","4","FM-12","99999","V020","-0106,1"
