tf_id,tf_index,utility,kva,phases,mount,install_year,last_replaced_year,homes_served,batteries_installed,batteries_pending,existing_dg_kw,utility_headroom_kw,export_limit_kw,import_limit_kw,source,source_date,notes
tr(r:p1udt21-p1udt21lv),0,Oncor stand-in,25,1,pad,2011,,1,0,0,0,,,,SIM: SMART-DS + simulated age (seed 20260926),2026-09-26,
tr(r:p1udt22-p1udt22lv),1,Oncor stand-in,75,1,pad,1995,,4,0,0,0,,,,SIM: SMART-DS + simulated age (seed 20260926),2026-09-26,
tr(r:p1udt23-p1udt23lv),2,Oncor stand-in,25,1,pole,2017,,1,0,0,0,,,,SIM: SMART-DS + simulated age (seed 20260926),2026-09-26,
tr(r:p1udt24-p1udt24lv),3,Oncor stand-in,75,1,pad,1993,,3,0,0,0,,,,SIM: SMART-DS + simulated age (seed 20260926),2026-09-26,
tr(r:p1udt25-p1udt25lv),4,Oncor stand-in,75,1,pad,2020,,5,0,0,0,,,,SIM: SMART-DS + simulated age (seed 20260926),2026-09-26,
tr(r:p1udt26-p1udt26lv),5,Oncor stand-in,50,1,pad,2011,,3,0,0,0,,,,SIM: SMART-DS + simulated age (seed 20260926),2026-09-26,
tr(r:p1udt27-p1udt27lv),6,Oncor stand-in,50,1,pad,2015,,3,1,0,0,,,,SIM: SMART-DS + simulated age (seed 20260926),2026-09-26,
tr(r:p1udt28-p1udt28lv),7,Oncor stand-in,75,1,pad,2022,,4,0,0,0,,,,SIM: SMART-DS + simulated age (seed 20260926),2026-09-26,
tr(r:p1udt29-p1udt29lv),8,Oncor stand-in,50,1,pad,2026,,4,0,0,0,,,,SIM: SMART-DS + simulated age (seed 20260926),2026-09-26,
tr(r:p1udt30-p1udt30lv),9,Oncor stand-in,75,1,pad,2007,,5,1,0,0,,,,SIM: SMART-DS + simulated age (seed 20260926),2026-09-26,
tr(r:p1udt31-p1udt31lv),10,Oncor stand-in,75,1,pad,1998,,5,0,0,0,,,,SIM: SMART-DS + simulated age (seed 20260926),2026-09-26,
tr(r:p1udt658-p1udt658lv),11,Oncor stand-in,50,1,pad,1998,,3,0,0,0,,,,SIM: SMART-DS + simulated age (seed 20260926),2026-09-26,
tr(r:p1udt659-p1udt659lv),12,Oncor stand-in,75,1,pad,2012,,5,1,0,0,,,,SIM: SMART-DS + simulated age (seed 20260926),2026-09-26,
tr(r:p1udt660-p1udt660lv),13,Oncor stand-in,75,1,pad,2022,,5,0,0,0,,,,SIM: SMART-DS + simulated age (seed 20260926),2026-09-26,
tr(r:p1udt661-p1udt661lv),14,Oncor stand-in,75,1,pad,2004,,5,1,0,0,,,,SIM: SMART-DS + simulated age (seed 20260926),2026-09-26,
tr(r:p1udt662-p1udt662lv),15,Oncor stand-in,50,1,pad,2013,,4,0,0,0,,,,SIM: SMART-DS + simulated age (seed 20260926),2026-09-26,
tr(r:p1udt672-p1udt672lv),16,Oncor stand-in,25,1,pole,1995,,1,0,0,0,,,,SIM: SMART-DS + simulated age (seed 20260926),2026-09-26,
tr(r:p1udt673-p1udt673lv),17,Oncor stand-in,25,1,pad,2006,,1,0,0,0,,,,SIM: SMART-DS + simulated age (seed 20260926),2026-09-26,
tr(r:p1udt1241-p1udt1241lv),18,Oncor stand-in,50,1,pad,1990,,4,0,0,0,,,,SIM: SMART-DS + simulated age (seed 20260926),2026-09-26,
tr(r:p1udt1243-p1udt1243lv),19,Oncor stand-in,75,1,pad,2019,,4,0,0,0,,,,SIM: SMART-DS + simulated age (seed 20260926),2026-09-26,
tr(r:p1udt1251-p1udt1251lv),20,Oncor stand-in,50,1,pad,1986,,3,0,0,0,,,,SIM: SMART-DS + simulated age (seed 20260926),2026-09-26,
tr(r:p1udt1252-p1udt1252lv),21,Oncor stand-in,50,1,pad,2001,,3,0,0,0,,,,SIM: SMART-DS + simulated age (seed 20260926),2026-09-26,
tr(r:p1udt1254-p1udt1254lv),22,Oncor stand-in,75,1,pad,2001,,5,0,0,0,,,,SIM: SMART-DS + simulated age (seed 20260926),2026-09-26,
tr(r:p1udt1255-p1udt1255lv),23,Oncor stand-in,75,1,pad,1997,,5,0,0,0,,,,SIM: SMART-DS + simulated age (seed 20260926),2026-09-26,
tr(r:p1udt1256-p1udt1256lv),24,Oncor stand-in,75,1,pole,2004,,6,2,0,0,,,,SIM: SMART-DS + simulated age (seed 20260926),2026-09-26,
tr(r:p1udt1257-p1udt1257lv),25,Oncor stand-in,50,1,pad,1998,,4,1,0,0,,,,SIM: SMART-DS + simulated age (seed 20260926),2026-09-26,
tr(r:p1udt1263-p1udt1263lv),26,Oncor stand-in,50,1,pole,1988,,3,1,0,0,,,,SIM: SMART-DS + simulated age (seed 20260926),2026-09-26,
tr(r:p1udt1855-p1udt1855lv),27,Oncor stand-in,75,1,pad,2023,,5,0,0,0,,,,SIM: SMART-DS + simulated age (seed 20260926),2026-09-26,
tr(r:p1udt1857-p1udt1857lv),28,Oncor stand-in,75,1,pad,2019,,5,0,0,0,,,,SIM: SMART-DS + simulated age (seed 20260926),2026-09-26,
tr(r:p1udt1859-p1udt1859lv),29,Oncor stand-in,75,1,pad,2002,,5,0,0,0,,,,SIM: SMART-DS + simulated age (seed 20260926),2026-09-26,
tr(r:p1udt1860-p1udt1860lv),30,Oncor stand-in,50,1,pad,1987,,3,0,0,0,,,,SIM: SMART-DS + simulated age (seed 20260926),2026-09-26,
tr(r:p1udt1863-p1udt1863lv),31,Oncor stand-in,50,1,pole,2026,,3,0,0,0,,,,SIM: SMART-DS + simulated age (seed 20260926),2026-09-26,
tr(r:p1udt1864-p1udt1864lv),32,Oncor stand-in,75,1,pad,1978,,4,0,0,0,,,,SIM: SMART-DS + simulated age (seed 20260926),2026-09-26,
tr(r:p1udt1865-p1udt1865lv),33,Oncor stand-in,75,1,pad,2014,,5,0,0,0,,,,SIM: SMART-DS + simulated age (seed 20260926),2026-09-26,
tr(r:p1udt1866-p1udt1866lv),34,Oncor stand-in,75,1,pad,1985,,6,0,0,0,,,,SIM: SMART-DS + simulated age (seed 20260926),2026-09-26,
tr(r:p1udt1867-p1udt1867lv),35,Oncor stand-in,75,1,pad,2006,,5,0,0,0,,,,SIM: SMART-DS + simulated age (seed 20260926),2026-09-26,
tr(r:p1udt1871-p1udt1871lv),36,Oncor stand-in,25,1,pole,2015,,1,0,0,0,,,,SIM: SMART-DS + simulated age (seed 20260926),2026-09-26,
tr(r:p1udt2417-p1udt2417lv),37,Oncor stand-in,50,1,pad,2007,,3,0,0,0,,,,SIM: SMART-DS + simulated age (seed 20260926),2026-09-26,
tr(r:p1udt2418-p1udt2418lv),38,Oncor stand-in,75,1,pad,2019,,5,0,0,0,,,,SIM: SMART-DS + simulated age (seed 20260926),2026-09-26,
tr(r:p1udt2419-p1udt2419lv),39,Oncor stand-in,75,1,pad,2025,,5,0,0,0,,,,SIM: SMART-DS + simulated age (seed 20260926),2026-09-26,
tr(r:p1udt2420-p1udt2420lv),40,Oncor stand-in,75,1,pad,2017,,5,1,0,0,,,,SIM: SMART-DS + simulated age (seed 20260926),2026-09-26,
tr(r:p1udt2421-p1udt2421lv),41,Oncor stand-in,50,1,pad,2007,,3,0,0,0,,,,SIM: SMART-DS + simulated age (seed 20260926),2026-09-26,
tr(r:p1udt2422-p1udt2422lv),42,Oncor stand-in,50,1,pad,2010,,3,1,0,0,,,,SIM: SMART-DS + simulated age (seed 20260926),2026-09-26,
tr(r:p1udt2423-p1udt2423lv),43,Oncor stand-in,25,1,pad,1999,,2,0,0,0,,,,SIM: SMART-DS + simulated age (seed 20260926),2026-09-26,
tr(r:p1udt2430-p1udt2430lv),44,Oncor stand-in,50,1,pad,1997,,3,0,0,0,,,,SIM: SMART-DS + simulated age (seed 20260926),2026-09-26,
tr(r:p1udt2431-p1udt2431lv),45,Oncor stand-in,50,1,pad,2023,,3,0,0,0,,,,SIM: SMART-DS + simulated age (seed 20260926),2026-09-26,
tr(r:p1udt2432-p1udt2432lv),46,Oncor stand-in,75,1,pad,1983,,5,1,0,0,,,,SIM: SMART-DS + simulated age (seed 20260926),2026-09-26,
tr(r:p1udt2433-p1udt2433lv),47,Oncor stand-in,50,1,pad,1989,,3,0,0,0,,,,SIM: SMART-DS + simulated age (seed 20260926),2026-09-26,
tr(r:p1udt2434-p1udt2434lv),48,Oncor stand-in,50,1,pad,1989,,3,0,0,0,,,,SIM: SMART-DS + simulated age (seed 20260926),2026-09-26,
tr(r:p1udt2435-p1udt2435lv),49,Oncor stand-in,75,1,pad,2004,,5,0,0,0,,,,SIM: SMART-DS + simulated age (seed 20260926),2026-09-26,
tr(r:p1udt3019-p1udt3019lv),50,Oncor stand-in,75,1,pad,2014,,5,0,0,0,,,,SIM: SMART-DS + simulated age (seed 20260926),2026-09-26,
tr(r:p1udt3020-p1udt3020lv),51,Oncor stand-in,50,1,pad,2017,,3,0,0,0,,,,SIM: SMART-DS + simulated age (seed 20260926),2026-09-26,
tr(r:p1udt3022-p1udt3022lv),52,Oncor stand-in,75,1,pad,1990,,5,0,0,0,,,,SIM: SMART-DS + simulated age (seed 20260926),2026-09-26,
tr(r:p1udt3024-p1udt3024lv),53,Oncor stand-in,75,1,pad,2017,,5,1,0,0,,,,SIM: SMART-DS + simulated age (seed 20260926),2026-09-26,
tr(r:p1udt3031-p1udt3031lv),54,Oncor stand-in,50,1,pole,1991,,3,0,0,0,,,,SIM: SMART-DS + simulated age (seed 20260926),2026-09-26,
tr(r:p1udt3032-p1udt3032lv),55,Oncor stand-in,50,1,pad,2021,,4,0,0,0,,,,SIM: SMART-DS + simulated age (seed 20260926),2026-09-26,
tr(r:p1udt3033-p1udt3033lv),56,Oncor stand-in,75,1,pad,2014,,5,0,0,0,,,,SIM: SMART-DS + simulated age (seed 20260926),2026-09-26,
tr(r:p1udt3034-p1udt3034lv),57,Oncor stand-in,75,1,pad,2001,,6,0,0,0,,,,SIM: SMART-DS + simulated age (seed 20260926),2026-09-26,
tr(r:p1udt3035-p1udt3035lv),58,Oncor stand-in,50,1,pole,2024,,3,0,0,0,,,,SIM: SMART-DS + simulated age (seed 20260926),2026-09-26,
tr(r:p1udt3036-p1udt3036lv),59,Oncor stand-in,25,1,pad,1998,,1,0,0,0,,,,SIM: SMART-DS + simulated age (seed 20260926),2026-09-26,
tr(r:p1udt3037-p1udt3037lv),60,Oncor stand-in,75,1,pad,2009,,4,0,0,0,,,,SIM: SMART-DS + simulated age (seed 20260926),2026-09-26,
tr(r:p1udt3038-p1udt3038lv),61,Oncor stand-in,50,1,pole,1987,,3,1,0,0,,,,SIM: SMART-DS + simulated age (seed 20260926),2026-09-26,
tr(r:p1udt3039-p1udt3039lv),62,Oncor stand-in,50,1,pad,2015,,3,1,0,0,,,,SIM: SMART-DS + simulated age (seed 20260926),2026-09-26,
tr(r:p1udt3581-p1udt3581lv),63,Oncor stand-in,75,1,pad,2016,,6,0,0,0,,,,SIM: SMART-DS + simulated age (seed 20260926),2026-09-26,
tr(r:p1udt3582-p1udt3582lv),64,Oncor stand-in,50,1,pad,2010,,3,1,0,0,,,,SIM: SMART-DS + simulated age (seed 20260926),2026-09-26,
tr(r:p1udt3588-p1udt3588lv),65,Oncor stand-in,75,1,pad,2013,,5,1,0,0,,,,SIM: SMART-DS + simulated age (seed 20260926),2026-09-26,
tr(r:p1udt3589-p1udt3589lv),66,Oncor stand-in,25,1,pad,1989,,2,0,0,0,,,,SIM: SMART-DS + simulated age (seed 20260926),2026-09-26,
tr(r:p1udt3591-p1udt3591lv),67,Oncor stand-in,50,1,pole,1994,,3,0,0,0,,,,SIM: SMART-DS + simulated age (seed 20260926),2026-09-26,
tr(r:p1udt3592-p1udt3592lv),68,Oncor stand-in,75,1,pole,1987,,5,1,0,0,,,,SIM: SMART-DS + simulated age (seed 20260926),2026-09-26,
tr(r:p1udt3593-p1udt3593lv),69,Oncor stand-in,75,1,pad,2026,,4,0,0,0,,,,SIM: SMART-DS + simulated age (seed 20260926),2026-09-26,
tr(r:p1udt3594-p1udt3594lv),70,Oncor stand-in,75,1,pad,1990,,5,1,0,0,,,,SIM: SMART-DS + simulated age (seed 20260926),2026-09-26,
tr(r:p1udt4070-p1udt4070lv),71,Oncor stand-in,50,1,pad,2015,,4,1,0,0,,,,SIM: SMART-DS + simulated age (seed 20260926),2026-09-26,
tr(r:p1udt4071-p1udt4071lv),72,Oncor stand-in,50,1,pad,1982,,3,1,0,0,,,,SIM: SMART-DS + simulated age (seed 20260926),2026-09-26,
tr(r:p1udt4079-p1udt4079lv),73,Oncor stand-in,50,1,pad,2008,,4,1,0,0,,,,SIM: SMART-DS + simulated age (seed 20260926),2026-09-26,
tr(r:p1udt4080-p1udt4080lv),74,Oncor stand-in,75,1,pad,2011,,4,0,0,0,,,,SIM: SMART-DS + simulated age (seed 20260926),2026-09-26,
tr(r:p1udt4084-p1udt4084lv),75,Oncor stand-in,25,1,pole,2022,,1,0,0,0,,,,SIM: SMART-DS + simulated age (seed 20260926),2026-09-26,
tr(r:p1udt4085-p1udt4085lv),76,Oncor stand-in,50,1,pad,2023,,3,1,0,0,,,,SIM: SMART-DS + simulated age (seed 20260926),2026-09-26,
tr(r:p1udt4086-p1udt4086lv),77,Oncor stand-in,50,1,pad,2024,,4,1,0,0,,,,SIM: SMART-DS + simulated age (seed 20260926),2026-09-26,
tr(r:p1udt4087-p1udt4087lv),78,Oncor stand-in,75,1,pad,1985,,5,0,0,0,,,,SIM: SMART-DS + simulated age (seed 20260926),2026-09-26,
tr(r:p1udt4088-p1udt4088lv),79,Oncor stand-in,50,1,pad,1983,,2,0,0,0,,,,SIM: SMART-DS + simulated age (seed 20260926),2026-09-26,
tr(r:p1udt4089-p1udt4089lv),80,Oncor stand-in,75,1,pad,2011,,5,0,0,0,,,,SIM: SMART-DS + simulated age (seed 20260926),2026-09-26,
tr(r:p1udt4090-p1udt4090lv),81,Oncor stand-in,50,1,pad,2006,,3,1,0,0,,,,SIM: SMART-DS + simulated age (seed 20260926),2026-09-26,
tr(r:p1udt4091-p1udt4091lv),82,Oncor stand-in,75,1,pad,1993,,5,0,0,0,,,,SIM: SMART-DS + simulated age (seed 20260926),2026-09-26,
tr(r:p1udt4560-p1udt4560lv),83,Oncor stand-in,75,1,pad,2003,,5,1,0,0,,,,SIM: SMART-DS + simulated age (seed 20260926),2026-09-26,
tr(r:p1udt4561-p1udt4561lv),84,Oncor stand-in,75,1,pad,2001,,4,1,0,0,,,,SIM: SMART-DS + simulated age (seed 20260926),2026-09-26,
tr(r:p1udt4566-p1udt4566lv),85,Oncor stand-in,50,1,pad,1998,,3,0,0,0,,,,SIM: SMART-DS + simulated age (seed 20260926),2026-09-26,
tr(r:p1udt4567-p1udt4567lv),86,Oncor stand-in,50,1,pad,2021,,3,0,0,0,,,,SIM: SMART-DS + simulated age (seed 20260926),2026-09-26,
tr(r:p1udt4568-p1udt4568lv),87,Oncor stand-in,50,1,pole,2002,,3,0,0,0,,,,SIM: SMART-DS + simulated age (seed 20260926),2026-09-26,
tr(r:p1udt4569-p1udt4569lv),88,Oncor stand-in,50,1,pad,2004,,3,0,0,0,,,,SIM: SMART-DS + simulated age (seed 20260926),2026-09-26,
tr(r:p1udt4570-p1udt4570lv),89,Oncor stand-in,50,1,pad,2004,,2,0,0,0,,,,SIM: SMART-DS + simulated age (seed 20260926),2026-09-26,
tr(r:p1udt5076-p1udt5076lv),90,Oncor stand-in,50,1,pad,2010,,3,1,0,0,,,,SIM: SMART-DS + simulated age (seed 20260926),2026-09-26,
tr(r:p1udt5084-p1udt5084lv),91,Oncor stand-in,50,1,pad,2026,,3,2,0,0,,,,SIM: SMART-DS + simulated age (seed 20260926),2026-09-26,
tr(r:p1udt5085-p1udt5085lv),92,Oncor stand-in,25,1,pad,2004,,2,0,0,0,,,,SIM: SMART-DS + simulated age (seed 20260926),2026-09-26,
tr(r:p1udt5086-p1udt5086lv),93,Oncor stand-in,75,1,pad,2022,,5,0,0,0,,,,SIM: SMART-DS + simulated age (seed 20260926),2026-09-26,
tr(r:p1udt5087-p1udt5087lv),94,Oncor stand-in,75,1,pole,1993,,5,0,0,0,,,,SIM: SMART-DS + simulated age (seed 20260926),2026-09-26,
tr(r:p1udt5088-p1udt5088lv),95,Oncor stand-in,75,1,pole,2022,,5,0,0,0,,,,SIM: SMART-DS + simulated age (seed 20260926),2026-09-26,
tr(r:p1udt5090-p1udt5090lv),96,Oncor stand-in,50,1,pad,2017,,3,0,0,0,,,,SIM: SMART-DS + simulated age (seed 20260926),2026-09-26,
tr(r:p1udt5091-p1udt5091lv),97,Oncor stand-in,75,1,pad,2006,,5,0,0,0,,,,SIM: SMART-DS + simulated age (seed 20260926),2026-09-26,
tr(r:p1udt5092-p1udt5092lv),98,Oncor stand-in,50,1,pad,2009,,3,1,0,0,,,,SIM: SMART-DS + simulated age (seed 20260926),2026-09-26,
tr(r:p1udt5593-p1udt5593lv),99,Oncor stand-in,75,1,pad,2015,,5,1,0,0,,,,SIM: SMART-DS + simulated age (seed 20260926),2026-09-26,
tr(r:p1udt5594-p1udt5594lv),100,Oncor stand-in,50,1,pad,2026,,3,0,0,0,,,,SIM: SMART-DS + simulated age (seed 20260926),2026-09-26,
tr(r:p1udt5595-p1udt5595lv),101,Oncor stand-in,50,1,pad,2019,,3,0,0,0,,,,SIM: SMART-DS + simulated age (seed 20260926),2026-09-26,
tr(r:p1udt5597-p1udt5597lv),102,Oncor stand-in,50,1,pad,1980,,3,0,0,0,,,,SIM: SMART-DS + simulated age (seed 20260926),2026-09-26,
tr(r:p1udt5603-p1udt5603lv),103,Oncor stand-in,50,1,pad,2022,,3,0,0,0,,,,SIM: SMART-DS + simulated age (seed 20260926),2026-09-26,
tr(r:p1udt5604-p1udt5604lv),104,Oncor stand-in,75,1,pad,1990,,4,0,0,0,,,,SIM: SMART-DS + simulated age (seed 20260926),2026-09-26,
tr(r:p1udt5605-p1udt5605lv),105,Oncor stand-in,50,1,pole,2006,,3,1,0,0,,,,SIM: SMART-DS + simulated age (seed 20260926),2026-09-26,
tr(r:p1udt5606-p1udt5606lv),106,Oncor stand-in,25,1,pad,2022,,1,0,0,0,,,,SIM: SMART-DS + simulated age (seed 20260926),2026-09-26,
tr(r:p1udt6070-p1udt6070lv),107,Oncor stand-in,50,1,pad,2013,,3,0,0,0,,,,SIM: SMART-DS + simulated age (seed 20260926),2026-09-26,
tr(r:p1udt6071-p1udt6071lv),108,Oncor stand-in,75,1,pad,1999,,5,1,0,0,,,,SIM: SMART-DS + simulated age (seed 20260926),2026-09-26,
tr(r:p1udt6079-p1udt6079lv),109,Oncor stand-in,50,1,pad,2002,,3,0,0,0,,,,SIM: SMART-DS + simulated age (seed 20260926),2026-09-26,
tr(r:p1udt6081-p1udt6081lv),110,Oncor stand-in,50,1,pole,2025,,2,1,0,0,,,,SIM: SMART-DS + simulated age (seed 20260926),2026-09-26,
tr(r:p1udt6082-p1udt6082lv),111,Oncor stand-in,25,1,pad,2024,,1,0,0,0,,,,SIM: SMART-DS + simulated age (seed 20260926),2026-09-26,
tr(r:p1udt6083-p1udt6083lv),112,Oncor stand-in,50,1,pad,1990,,3,0,0,0,,,,SIM: SMART-DS + simulated age (seed 20260926),2026-09-26,
tr(r:p1udt6542-p1udt6542lv),113,Oncor stand-in,50,1,pad,1996,,2,0,0,0,,,,SIM: SMART-DS + simulated age (seed 20260926),2026-09-26,
tr(r:p1udt6548-p1udt6548lv),114,Oncor stand-in,75,1,pole,2019,,5,0,0,0,,,,SIM: SMART-DS + simulated age (seed 20260926),2026-09-26,
tr(r:p1udt6549-p1udt6549lv),115,Oncor stand-in,75,1,pad,2004,,5,0,0,0,,,,SIM: SMART-DS + simulated age (seed 20260926),2026-09-26,
tr(r:p1udt6979-p1udt6979lv),116,Oncor stand-in,50,1,pad,2011,,4,0,0,0,,,,SIM: SMART-DS + simulated age (seed 20260926),2026-09-26,
tr(r:p1udt6985-p1udt6985lv),117,Oncor stand-in,50,1,pad,2023,,3,0,0,0,,,,SIM: SMART-DS + simulated age (seed 20260926),2026-09-26,
tr(r:p1udt6986-p1udt6986lv),118,Oncor stand-in,50,1,pole,2021,,3,0,0,0,,,,SIM: SMART-DS + simulated age (seed 20260926),2026-09-26,
tr(r:p1udt6988-p1udt6988lv),119,Oncor stand-in,75,1,pad,1997,,4,0,0,0,,,,SIM: SMART-DS + simulated age (seed 20260926),2026-09-26,
tr(r:p1udt6989-p1udt6989lv),120,Oncor stand-in,50,1,pad,1985,,3,0,0,0,,,,SIM: SMART-DS + simulated age (seed 20260926),2026-09-26,
tr(r:p1udt6990-p1udt6990lv),121,Oncor stand-in,25,1,pad,2022,,2,0,0,0,,,,SIM: SMART-DS + simulated age (seed 20260926),2026-09-26,
tr(r:p1udt6991-p1udt6991lv),122,Oncor stand-in,50,1,pad,1996,,3,0,0,0,,,,SIM: SMART-DS + simulated age (seed 20260926),2026-09-26,
tr(r:p1udt7438-p1udt7438lv),124,Oncor stand-in,50,1,pad,1990,,4,1,0,0,,,,SIM: SMART-DS + simulated age (seed 20260926),2026-09-26,
tr(r:p1udt7444-p1udt7444lv),125,Oncor stand-in,50,1,pole,2023,,3,1,0,0,,,,SIM: SMART-DS + simulated age (seed 20260926),2026-09-26,
tr(r:p1udt7445-p1udt7445lv),126,Oncor stand-in,75,1,pad,1998,,5,1,0,0,,,,SIM: SMART-DS + simulated age (seed 20260926),2026-09-26,
tr(r:p1udt7446-p1udt7446lv),127,Oncor stand-in,25,1,pad,2009,,1,1,0,0,,,,SIM: SMART-DS + simulated age (seed 20260926),2026-09-26,
tr(r:p1udt7447-p1udt7447lv),128,Oncor stand-in,50,1,pad,2019,,3,0,0,0,,,,SIM: SMART-DS + simulated age (seed 20260926),2026-09-26,
tr(r:p1udt7448-p1udt7448lv),129,Oncor stand-in,25,1,pad,2006,,1,0,0,0,,,,SIM: SMART-DS + simulated age (seed 20260926),2026-09-26,
tr(r:p1udt7454-p1udt7454lv),130,Oncor stand-in,50,1,pole,2002,,3,0,0,0,,,,SIM: SMART-DS + simulated age (seed 20260926),2026-09-26,
tr(r:p1udt7845-p1udt7845lv),131,Oncor stand-in,50,1,pad,2025,,3,0,0,0,,,,SIM: SMART-DS + simulated age (seed 20260926),2026-09-26,
tr(r:p1udt7846-p1udt7846lv),132,Oncor stand-in,50,1,pad,2007,,3,0,0,0,,,,SIM: SMART-DS + simulated age (seed 20260926),2026-09-26,
tr(r:p1udt7848-p1udt7848lv),133,Oncor stand-in,25,1,pad,1988,,1,0,0,0,,,,SIM: SMART-DS + simulated age (seed 20260926),2026-09-26,
tr(r:p1udt8233-p1udt8233lv),134,Oncor stand-in,50,1,pole,2018,,3,0,0,0,,,,SIM: SMART-DS + simulated age (seed 20260926),2026-09-26,
tr(r:p1udt8234-p1udt8234lv),135,Oncor stand-in,25,1,pole,2002,,1,0,0,0,,,,SIM: SMART-DS + simulated age (seed 20260926),2026-09-26,
tr(r:p1udt8236-p1udt8236lv),136,Oncor stand-in,75,1,pad,1990,,5,1,0,0,,,,SIM: SMART-DS + simulated age (seed 20260926),2026-09-26,
tr(r:p1udt8237-p1udt8237lv),137,Oncor stand-in,75,1,pad,1984,,5,0,0,0,,,,SIM: SMART-DS + simulated age (seed 20260926),2026-09-26,
tr(r:p1udt8639-p1udt8639lv),138,Oncor stand-in,50,1,pad,2007,,3,1,0,0,,,,SIM: SMART-DS + simulated age (seed 20260926),2026-09-26,
tr(r:p1udt8640-p1udt8640lv),139,Oncor stand-in,50,1,pad,2024,,3,1,0,0,,,,SIM: SMART-DS + simulated age (seed 20260926),2026-09-26,
tr(r:p1udt8641-p1udt8641lv),140,Oncor stand-in,25,1,pad,2020,,1,0,0,0,,,,SIM: SMART-DS + simulated age (seed 20260926),2026-09-26,
tr(r:p1udt8645-p1udt8645lv),141,Oncor stand-in,50,1,pad,2006,,3,0,0,0,,,,SIM: SMART-DS + simulated age (seed 20260926),2026-09-26,
tr(r:p1udt8647-p1udt8647lv),142,Oncor stand-in,25,1,pole,2015,,2,0,0,0,,,,SIM: SMART-DS + simulated age (seed 20260926),2026-09-26,
tr(r:p1udt8648-p1udt8648lv),143,Oncor stand-in,50,1,pad,1993,,3,0,0,0,,,,SIM: SMART-DS + simulated age (seed 20260926),2026-09-26,
tr(r:p1udt8650-p1udt8650lv),145,Oncor stand-in,25,1,pole,2003,,1,0,0,0,,,,SIM: SMART-DS + simulated age (seed 20260926),2026-09-26,
tr(r:p1udt8651-p1udt8651lv),146,Oncor stand-in,75,1,pad,1989,,5,1,0,0,,,,SIM: SMART-DS + simulated age (seed 20260926),2026-09-26,
tr(r:p1udt8656-p1udt8656lv),147,Oncor stand-in,25,1,pole,1990,,1,0,0,0,,,,SIM: SMART-DS + simulated age (seed 20260926),2026-09-26,
tr(r:p1udt9029-p1udt9029lv),148,Oncor stand-in,50,1,pad,2010,,2,0,0,0,,,,SIM: SMART-DS + simulated age (seed 20260926),2026-09-26,
tr(r:p1udt9406-p1udt9406lv),149,Oncor stand-in,75,1,pad,2023,,4,0,0,0,,,,SIM: SMART-DS + simulated age (seed 20260926),2026-09-26,
tr(r:p1udt9411-p1udt9411lv),150,Oncor stand-in,25,1,pole,2020,,2,2,0,0,,,,SIM: SMART-DS + simulated age (seed 20260926),2026-09-26,
tr(r:p1udt9412-p1udt9412lv),151,Oncor stand-in,50,1,pole,2017,,2,1,0,0,,,,SIM: SMART-DS + simulated age (seed 20260926),2026-09-26,
tr(r:p1udt9413-p1udt9413lv),152,Oncor stand-in,75,1,pad,2005,,5,1,0,0,,,,SIM: SMART-DS + simulated age (seed 20260926),2026-09-26,
tr(r:p1udt9414-p1udt9414lv),153,Oncor stand-in,50,1,pad,2015,,3,1,0,0,,,,SIM: SMART-DS + simulated age (seed 20260926),2026-09-26,
tr(r:p1udt9415-p1udt9415lv),154,Oncor stand-in,50,1,pad,2012,,3,0,0,0,,,,SIM: SMART-DS + simulated age (seed 20260926),2026-09-26,
tr(r:p1udt9418-p1udt9418lv),155,Oncor stand-in,25,1,pole,2015,,1,0,0,0,,,,SIM: SMART-DS + simulated age (seed 20260926),2026-09-26,
tr(r:p1udt9796-p1udt9796lv),156,Oncor stand-in,50,1,pad,2026,,3,3,0,0,,,,SIM: SMART-DS + simulated age (seed 20260926),2026-09-26,
tr(r:p1udt9797-p1udt9797lv),157,Oncor stand-in,50,1,pad,1976,,3,0,0,0,,,,SIM: SMART-DS + simulated age (seed 20260926),2026-09-26,
tr(r:p1udt9798-p1udt9798lv),158,Oncor stand-in,25,1,pole,2016,,1,1,0,0,,,,SIM: SMART-DS + simulated age (seed 20260926),2026-09-26,
tr(r:p1udt9800-p1udt9800lv),159,Oncor stand-in,50,1,pad,2024,,3,0,0,0,,,,SIM: SMART-DS + simulated age (seed 20260926),2026-09-26,
tr(r:p1udt9801-p1udt9801lv),160,Oncor stand-in,50,1,pad,2009,,3,0,0,0,,,,SIM: SMART-DS + simulated age (seed 20260926),2026-09-26,
tr(r:p1udt10160-p1udt10160lv),161,Oncor stand-in,75,1,pad,2003,,5,0,0,0,,,,SIM: SMART-DS + simulated age (seed 20260926),2026-09-26,
tr(r:p1udt10161-p1udt10161lv),162,Oncor stand-in,50,1,pole,2008,,3,0,0,0,,,,SIM: SMART-DS + simulated age (seed 20260926),2026-09-26,
tr(r:p1udt10162-p1udt10162lv),163,Oncor stand-in,50,1,pad,1993,,3,0,0,0,,,,SIM: SMART-DS + simulated age (seed 20260926),2026-09-26,
tr(r:p1udt10519-p1udt10519lv),164,Oncor stand-in,50,1,pad,2021,,4,0,0,0,,,,SIM: SMART-DS + simulated age (seed 20260926),2026-09-26,
tr(r:p1udt10520-p1udt10520lv),165,Oncor stand-in,25,1,pad,2010,,1,0,0,0,,,,SIM: SMART-DS + simulated age (seed 20260926),2026-09-26,
tr(r:p1udt10522-p1udt10522lv),166,Oncor stand-in,50,1,pad,2006,,3,0,0,0,,,,SIM: SMART-DS + simulated age (seed 20260926),2026-09-26,
tr(r:p1udt10527-p1udt10527lv),167,Oncor stand-in,50,1,pole,2013,,3,0,0,0,,,,SIM: SMART-DS + simulated age (seed 20260926),2026-09-26,
tr(r:p1udt10528-p1udt10528lv),168,Oncor stand-in,50,1,pad,1999,,3,0,0,0,,,,SIM: SMART-DS + simulated age (seed 20260926),2026-09-26,
tr(r:p1udt10529-p1udt10529lv),169,Oncor stand-in,25,1,pad,2009,,2,0,0,0,,,,SIM: SMART-DS + simulated age (seed 20260926),2026-09-26,
tr(r:p1udt10530-p1udt10530lv),170,Oncor stand-in,50,1,pad,2008,,3,0,0,0,,,,SIM: SMART-DS + simulated age (seed 20260926),2026-09-26,
tr(r:p1udt10531-p1udt10531lv),171,Oncor stand-in,75,1,pad,2015,,4,1,0,0,,,,SIM: SMART-DS + simulated age (seed 20260926),2026-09-26,
tr(r:p1udt10532-p1udt10532lv),172,Oncor stand-in,50,1,pad,1990,,3,0,0,0,,,,SIM: SMART-DS + simulated age (seed 20260926),2026-09-26,
tr(r:p1udt10533-p1udt10533lv),173,Oncor stand-in,25,1,pad,2007,,1,0,0,0,,,,SIM: SMART-DS + simulated age (seed 20260926),2026-09-26,
tr(r:p1udt10534-p1udt10534lv),174,Oncor stand-in,25,1,pad,2014,,1,0,0,0,,,,SIM: SMART-DS + simulated age (seed 20260926),2026-09-26,
tr(r:p1udt10858-p1udt10858lv),175,Oncor stand-in,50,1,pad,1983,,3,0,0,0,,,,SIM: SMART-DS + simulated age (seed 20260926),2026-09-26,
tr(r:p1udt10869-p1udt10869lv),176,Oncor stand-in,50,1,pole,1998,,3,0,0,0,,,,SIM: SMART-DS + simulated age (seed 20260926),2026-09-26,
tr(r:p1udt11215-p1udt11215lv),177,Oncor stand-in,50,1,pad,2018,,2,0,0,0,,,,SIM: SMART-DS + simulated age (seed 20260926),2026-09-26,
tr(r:p1udt11217-p1udt11217lv),178,Oncor stand-in,25,1,pad,2017,,1,0,0,0,,,,SIM: SMART-DS + simulated age (seed 20260926),2026-09-26,
tr(r:p1udt11218-p1udt11218lv),179,Oncor stand-in,25,1,pad,2021,,1,0,0,0,,,,SIM: SMART-DS + simulated age (seed 20260926),2026-09-26,
tr(r:p1udt11539-p1udt11539lv),180,Oncor stand-in,50,1,pad,2014,,3,1,0,0,,,,SIM: SMART-DS + simulated age (seed 20260926),2026-09-26,
tr(r:p1udt11541-p1udt11541lv),181,Oncor stand-in,50,1,pole,2020,,3,0,0,0,,,,SIM: SMART-DS + simulated age (seed 20260926),2026-09-26,
tr(r:p1udt11542-p1udt11542lv),182,Oncor stand-in,50,1,pad,2022,,2,0,0,0,,,,SIM: SMART-DS + simulated age (seed 20260926),2026-09-26,
tr(r:p1udt11543-p1udt11543lv),183,Oncor stand-in,75,1,pad,2026,,5,1,0,0,,,,SIM: SMART-DS + simulated age (seed 20260926),2026-09-26,
tr(r:p1udt11874-p1udt11874lv),184,Oncor stand-in,50,1,pad,1994,,3,0,0,0,,,,SIM: SMART-DS + simulated age (seed 20260926),2026-09-26,
tr(r:p1udt11875-p1udt11875lv),185,Oncor stand-in,50,1,pad,2017,,2,0,0,0,,,,SIM: SMART-DS + simulated age (seed 20260926),2026-09-26,
tr(r:p1udt11876-p1udt11876lv),186,Oncor stand-in,50,1,pad,2002,,3,0,0,0,,,,SIM: SMART-DS + simulated age (seed 20260926),2026-09-26,
tr(r:p1udt11882-p1udt11882lv),187,Oncor stand-in,50,1,pad,1998,,3,0,0,0,,,,SIM: SMART-DS + simulated age (seed 20260926),2026-09-26,
tr(r:p1udt11883-p1udt11883lv),188,Oncor stand-in,50,1,pad,1997,,3,0,0,0,,,,SIM: SMART-DS + simulated age (seed 20260926),2026-09-26,
tr(r:p1udt11885-p1udt11885lv),189,Oncor stand-in,50,1,pad,2012,,2,1,0,0,,,,SIM: SMART-DS + simulated age (seed 20260926),2026-09-26,
tr(r:p1udt11886-p1udt11886lv),190,Oncor stand-in,25,1,pad,2021,,1,0,0,0,,,,SIM: SMART-DS + simulated age (seed 20260926),2026-09-26,
tr(r:p1udt11887-p1udt11887lv),191,Oncor stand-in,25,1,pad,1985,,1,0,0,0,,,,SIM: SMART-DS + simulated age (seed 20260926),2026-09-26,
tr(r:p1udt11892-p1udt11892lv),192,Oncor stand-in,25,1,pole,2022,,2,0,0,0,,,,SIM: SMART-DS + simulated age (seed 20260926),2026-09-26,
tr(r:p1udt11893-p1udt11893lv),193,Oncor stand-in,25,1,pole,2015,,1,0,0,0,,,,SIM: SMART-DS + simulated age (seed 20260926),2026-09-26,
tr(r:p1udt12240-p1udt12240lv),194,Oncor stand-in,50,1,pad,1987,,3,1,0,0,,,,SIM: SMART-DS + simulated age (seed 20260926),2026-09-26,
tr(r:p1udt12245-p1udt12245lv),195,Oncor stand-in,25,1,pole,2013,,1,0,0,0,,,,SIM: SMART-DS + simulated age (seed 20260926),2026-09-26,
tr(r:p1udt12561-p1udt12561lv),196,Oncor stand-in,50,1,pad,1991,,4,0,0,0,,,,SIM: SMART-DS + simulated age (seed 20260926),2026-09-26,
tr(r:p1udt12562-p1udt12562lv),197,Oncor stand-in,50,1,pad,2022,,3,0,0,0,,,,SIM: SMART-DS + simulated age (seed 20260926),2026-09-26,
tr(r:p1udt12878-p1udt12878lv),198,Oncor stand-in,25,1,pad,2020,,2,0,0,0,,,,SIM: SMART-DS + simulated age (seed 20260926),2026-09-26,
tr(r:p1udt12879-p1udt12879lv),199,Oncor stand-in,50,1,pad,1998,,3,0,0,0,,,,SIM: SMART-DS + simulated age (seed 20260926),2026-09-26,
tr(r:p1udt12880-p1udt12880lv),200,Oncor stand-in,50,1,pad,2006,,3,0,0,0,,,,SIM: SMART-DS + simulated age (seed 20260926),2026-09-26,
tr(r:p1udt12886-p1udt12886lv),201,Oncor stand-in,75,1,pad,2021,,4,0,0,0,,,,SIM: SMART-DS + simulated age (seed 20260926),2026-09-26,
tr(r:p1udt12888-p1udt12888lv),202,Oncor stand-in,50,1,pad,2019,,3,0,0,0,,,,SIM: SMART-DS + simulated age (seed 20260926),2026-09-26,
tr(r:p1udt12889-p1udt12889lv),203,Oncor stand-in,75,1,pole,1996,,5,1,0,0,,,,SIM: SMART-DS + simulated age (seed 20260926),2026-09-26,
tr(r:p1udt13222-p1udt13222lv),204,Oncor stand-in,25,1,pad,1996,,1,0,0,0,,,,SIM: SMART-DS + simulated age (seed 20260926),2026-09-26,
tr(r:p1udt13223-p1udt13223lv),205,Oncor stand-in,50,1,pad,2006,,2,0,0,0,,,,SIM: SMART-DS + simulated age (seed 20260926),2026-09-26,
tr(r:p1udt13227-p1udt13227lv),206,Oncor stand-in,25,1,pad,2017,,1,0,0,0,,,,SIM: SMART-DS + simulated age (seed 20260926),2026-09-26,
tr(r:p1udt13228-p1udt13228lv),207,Oncor stand-in,75,1,pad,2023,,5,0,0,0,,,,SIM: SMART-DS + simulated age (seed 20260926),2026-09-26,
tr(r:p1udt13267-p1udt13267lv),208,Oncor stand-in,25,1,pole,2021,,1,0,0,0,,,,SIM: SMART-DS + simulated age (seed 20260926),2026-09-26,
tr(r:p1udt13526-p1udt13526lv),209,Oncor stand-in,25,1,pad,2024,,2,1,0,0,,,,SIM: SMART-DS + simulated age (seed 20260926),2026-09-26,
tr(r:p1udt13806-p1udt13806lv),210,Oncor stand-in,50,1,pad,2025,,3,0,0,0,,,,SIM: SMART-DS + simulated age (seed 20260926),2026-09-26,
tr(r:p1udt13807-p1udt13807lv),211,Oncor stand-in,50,1,pad,1993,,3,0,0,0,,,,SIM: SMART-DS + simulated age (seed 20260926),2026-09-26,
tr(r:p1udt13811-p1udt13811lv),212,Oncor stand-in,50,1,pad,1984,,1,1,0,0,,,,SIM: SMART-DS + simulated age (seed 20260926),2026-09-26,
tr(r:p1udt13812-p1udt13812lv),213,Oncor stand-in,75,1,pad,2026,,4,0,0,0,,,,SIM: SMART-DS + simulated age (seed 20260926),2026-09-26,
tr(r:p1udt13813-p1udt13813lv),214,Oncor stand-in,25,1,pole,2026,,1,1,0,0,,,,SIM: SMART-DS + simulated age (seed 20260926),2026-09-26,
tr(r:p1udt13814-p1udt13814lv),215,Oncor stand-in,75,1,pad,2025,,5,0,0,0,,,,SIM: SMART-DS + simulated age (seed 20260926),2026-09-26,
tr(r:p1udt13815-p1udt13815lv),216,Oncor stand-in,50,1,pad,2016,,3,0,0,0,,,,SIM: SMART-DS + simulated age (seed 20260926),2026-09-26,
tr(r:p1udt14099-p1udt14099lv),217,Oncor stand-in,25,1,pad,2023,,1,0,0,0,,,,SIM: SMART-DS + simulated age (seed 20260926),2026-09-26,
tr(r:p1udt14100-p1udt14100lv),218,Oncor stand-in,50,1,pad,2025,,2,0,0,0,,,,SIM: SMART-DS + simulated age (seed 20260926),2026-09-26,
tr(r:p1udt14101-p1udt14101lv),219,Oncor stand-in,50,1,pole,2004,,3,1,0,0,,,,SIM: SMART-DS + simulated age (seed 20260926),2026-09-26,
tr(r:p1udt14102-p1udt14102lv),220,Oncor stand-in,50,1,pole,2015,,3,0,0,0,,,,SIM: SMART-DS + simulated age (seed 20260926),2026-09-26,
tr(r:p1udt14103-p1udt14103lv),221,Oncor stand-in,25,1,pad,1994,,1,0,0,0,,,,SIM: SMART-DS + simulated age (seed 20260926),2026-09-26,
tr(r:p1udt14378-p1udt14378lv),222,Oncor stand-in,50,1,pad,2026,,3,0,0,0,,,,SIM: SMART-DS + simulated age (seed 20260926),2026-09-26,
tr(r:p1udt14379-p1udt14379lv),223,Oncor stand-in,50,1,pad,2017,,3,1,0,0,,,,SIM: SMART-DS + simulated age (seed 20260926),2026-09-26,
tr(r:p1udt14382-p1udt14382lv),224,Oncor stand-in,50,1,pole,2022,,4,0,0,0,,,,SIM: SMART-DS + simulated age (seed 20260926),2026-09-26,
tr(r:p1udt14383-p1udt14383lv),225,Oncor stand-in,75,1,pad,2003,,4,0,0,0,,,,SIM: SMART-DS + simulated age (seed 20260926),2026-09-26,
tr(r:p1udt14384-p1udt14384lv),226,Oncor stand-in,75,1,pad,2013,,5,0,0,0,,,,SIM: SMART-DS + simulated age (seed 20260926),2026-09-26,
tr(r:p1udt14385-p1udt14385lv),227,Oncor stand-in,50,1,pad,2020,,3,1,0,0,,,,SIM: SMART-DS + simulated age (seed 20260926),2026-09-26,
tr(r:p1udt14635-p1udt14635lv),228,Oncor stand-in,50,1,pole,1992,,3,2,0,0,,,,SIM: SMART-DS + simulated age (seed 20260926),2026-09-26,
tr(r:p1udt14636-p1udt14636lv),229,Oncor stand-in,25,1,pad,2012,,1,1,0,0,,,,SIM: SMART-DS + simulated age (seed 20260926),2026-09-26,
tr(r:p1udt14656-p1udt14656lv),230,Oncor stand-in,25,1,pole,1994,,1,1,0,0,,,,SIM: SMART-DS + simulated age (seed 20260926),2026-09-26,
tr(r:p1udt14893-p1udt14893lv),231,Oncor stand-in,25,1,pad,2003,,1,1,0,0,,,,SIM: SMART-DS + simulated age (seed 20260926),2026-09-26,
tr(r:p1udt14895-p1udt14895lv),232,Oncor stand-in,75,1,pad,2004,,4,0,0,0,,,,SIM: SMART-DS + simulated age (seed 20260926),2026-09-26,
tr(r:p1udt14896-p1udt14896lv),233,Oncor stand-in,50,1,pad,2025,,3,0,0,0,,,,SIM: SMART-DS + simulated age (seed 20260926),2026-09-26,
tr(r:p1udt15161-p1udt15161lv),234,Oncor stand-in,25,1,pad,2012,,1,0,0,0,,,,SIM: SMART-DS + simulated age (seed 20260926),2026-09-26,
tr(r:p1udt15431-p1udt15431lv),235,Oncor stand-in,75,1,pad,2009,,5,0,0,0,,,,SIM: SMART-DS + simulated age (seed 20260926),2026-09-26,
tr(r:p1udt15432-p1udt15432lv),236,Oncor stand-in,75,1,pad,2018,,5,0,0,0,,,,SIM: SMART-DS + simulated age (seed 20260926),2026-09-26,
tr(r:p1udt15433-p1udt15433lv),237,Oncor stand-in,25,1,pad,2022,,1,0,0,0,,,,SIM: SMART-DS + simulated age (seed 20260926),2026-09-26,
tr(r:p1udt15644-p1udt15644lv),238,Oncor stand-in,25,1,pad,2010,,1,0,0,0,,,,SIM: SMART-DS + simulated age (seed 20260926),2026-09-26,
tr(r:p1udt15648-p1udt15648lv),239,Oncor stand-in,75,1,pad,2013,,5,1,0,0,,,,SIM: SMART-DS + simulated age (seed 20260926),2026-09-26,
tr(r:p1udt15649-p1udt15649lv),240,Oncor stand-in,25,1,pad,2022,,2,0,0,0,,,,SIM: SMART-DS + simulated age (seed 20260926),2026-09-26,P1's unrelieved transformer
tr(r:p1udt15898-p1udt15898lv),241,Oncor stand-in,25,1,pad,1998,,1,0,0,0,,,,SIM: SMART-DS + simulated age (seed 20260926),2026-09-26,
tr(r:p1udt15899-p1udt15899lv),242,Oncor stand-in,50,1,pad,2002,,3,1,0,0,,,,SIM: SMART-DS + simulated age (seed 20260926),2026-09-26,
tr(r:p1udt15903-p1udt15903lv),243,Oncor stand-in,50,1,pad,1987,,2,1,0,0,,,,SIM: SMART-DS + simulated age (seed 20260926),2026-09-26,
tr(r:p1udt15905-p1udt15905lv),244,Oncor stand-in,25,1,pad,1998,,1,0,0,0,,,,SIM: SMART-DS + simulated age (seed 20260926),2026-09-26,
tr(r:p1udt16136-p1udt16136lv),245,Oncor stand-in,50,1,pad,1998,,3,0,0,0,,,,SIM: SMART-DS + simulated age (seed 20260926),2026-09-26,
tr(r:p1udt16141-p1udt16141lv),246,Oncor stand-in,25,1,pole,1993,,2,2,0,0,,,,SIM: SMART-DS + simulated age (seed 20260926),2026-09-26,
tr(r:p1udt16142-p1udt16142lv),247,Oncor stand-in,25,1,pad,2024,,2,0,0,0,,,,SIM: SMART-DS + simulated age (seed 20260926),2026-09-26,
tr(r:p1udt16143-p1udt16143lv),248,Oncor stand-in,50,1,pole,2011,,3,0,0,0,,,,SIM: SMART-DS + simulated age (seed 20260926),2026-09-26,
tr(r:p1udt16144-p1udt16144lv),249,Oncor stand-in,50,1,pole,2010,,3,0,0,0,,,,SIM: SMART-DS + simulated age (seed 20260926),2026-09-26,
tr(r:p1udt16145-p1udt16145lv),250,Oncor stand-in,50,1,pad,1991,,3,1,0,0,,,,SIM: SMART-DS + simulated age (seed 20260926),2026-09-26,
tr(r:p1udt16146-p1udt16146lv),251,Oncor stand-in,50,1,pad,1993,,3,1,0,0,,,,SIM: SMART-DS + simulated age (seed 20260926),2026-09-26,
tr(r:p1udt16377-p1udt16377lv),252,Oncor stand-in,50,1,pad,1987,,3,0,0,0,,,,SIM: SMART-DS + simulated age (seed 20260926),2026-09-26,
tr(r:p1udt16407-p1udt16407lv),253,Oncor stand-in,10,1,pole,2005,,1,0,0,0,,,,SIM: SMART-DS + simulated age (seed 20260926),2026-09-26,
tr(r:p1udt16608-p1udt16608lv),254,Oncor stand-in,50,1,pad,2000,,3,0,0,0,,,,SIM: SMART-DS + simulated age (seed 20260926),2026-09-26,
tr(r:p1udt16609-p1udt16609lv),255,Oncor stand-in,25,1,pad,2026,,1,0,0,0,,,,SIM: SMART-DS + simulated age (seed 20260926),2026-09-26,
tr(r:p1udt16610-p1udt16610lv),256,Oncor stand-in,50,1,pad,2023,,3,1,0,0,,,,SIM: SMART-DS + simulated age (seed 20260926),2026-09-26,
tr(r:p1udt16613-p1udt16613lv),257,Oncor stand-in,50,1,pole,2017,,3,1,0,0,,,,SIM: SMART-DS + simulated age (seed 20260926),2026-09-26,
tr(r:p1udt16614-p1udt16614lv),258,Oncor stand-in,25,1,pad,2004,,2,0,0,0,,,,SIM: SMART-DS + simulated age (seed 20260926),2026-09-26,
tr(r:p1udt16828-p1udt16828lv),259,Oncor stand-in,50,1,pad,2024,,3,1,0,0,,,,SIM: SMART-DS + simulated age (seed 20260926),2026-09-26,
tr(r:p1udt16829-p1udt16829lv),260,Oncor stand-in,50,1,pad,2014,,3,0,0,0,,,,SIM: SMART-DS + simulated age (seed 20260926),2026-09-26,
tr(r:p1udt16833-p1udt16833lv),261,Oncor stand-in,50,1,pad,2006,,2,2,0,0,,,,SIM: SMART-DS + simulated age (seed 20260926),2026-09-26,
tr(r:p1udt16834-p1udt16834lv),262,Oncor stand-in,50,1,pad,2020,,3,0,0,0,,,,SIM: SMART-DS + simulated age (seed 20260926),2026-09-26,
tr(r:p1udt16835-p1udt16835lv),263,Oncor stand-in,25,1,pad,2019,,2,0,0,0,,,,SIM: SMART-DS + simulated age (seed 20260926),2026-09-26,
tr(r:p1udt17067-p1udt17067lv),264,Oncor stand-in,50,1,pad,1984,,3,1,0,0,,,,SIM: SMART-DS + simulated age (seed 20260926),2026-09-26,
tr(r:p1udt17070-p1udt17070lv),265,Oncor stand-in,50,1,pad,1986,,3,0,0,0,,,,SIM: SMART-DS + simulated age (seed 20260926),2026-09-26,
tr(r:p1udt17071-p1udt17071lv),266,Oncor stand-in,50,1,pad,1980,,3,0,0,0,,,,SIM: SMART-DS + simulated age (seed 20260926),2026-09-26,
tr(r:p1udt17072-p1udt17072lv),267,Oncor stand-in,75,1,pad,2019,,5,0,0,0,,,,SIM: SMART-DS + simulated age (seed 20260926),2026-09-26,
tr(r:p1udt17262-p1udt17262lv),268,Oncor stand-in,50,1,pad,2020,,3,0,0,0,,,,SIM: SMART-DS + simulated age (seed 20260926),2026-09-26,
tr(r:p1udt17263-p1udt17263lv),269,Oncor stand-in,25,1,pad,2023,,1,0,0,0,,,,SIM: SMART-DS + simulated age (seed 20260926),2026-09-26,
tr(r:p1udt17269-p1udt17269lv),270,Oncor stand-in,50,1,pad,1984,,3,0,0,0,,,,SIM: SMART-DS + simulated age (seed 20260926),2026-09-26,
tr(r:p1udt17270-p1udt17270lv),271,Oncor stand-in,50,1,pad,1991,,2,0,0,0,,,,SIM: SMART-DS + simulated age (seed 20260926),2026-09-26,
tr(r:p1udt17271-p1udt17271lv),272,Oncor stand-in,25,1,pad,1994,,1,1,0,0,,,,SIM: SMART-DS + simulated age (seed 20260926),2026-09-26,
tr(r:p1udt17272-p1udt17272lv),273,Oncor stand-in,75,1,pad,1989,,5,0,0,0,,,,SIM: SMART-DS + simulated age (seed 20260926),2026-09-26,
tr(r:p1udt17477-p1udt17477lv),274,Oncor stand-in,50,1,pad,2024,,4,0,0,0,,,,SIM: SMART-DS + simulated age (seed 20260926),2026-09-26,
tr(r:p1udt17479-p1udt17479lv),275,Oncor stand-in,75,1,pad,1990,,4,0,0,0,,,,SIM: SMART-DS + simulated age (seed 20260926),2026-09-26,
tr(r:p1udt17683-p1udt17683lv),276,Oncor stand-in,50,1,pad,1996,,3,0,0,0,,,,SIM: SMART-DS + simulated age (seed 20260926),2026-09-26,
tr(r:p1udt17689-p1udt17689lv),277,Oncor stand-in,50,1,pole,2013,,3,0,0,0,,,,SIM: SMART-DS + simulated age (seed 20260926),2026-09-26,
tr(r:p1udt17690-p1udt17690lv),278,Oncor stand-in,75,1,pad,2004,,5,0,0,0,,,,SIM: SMART-DS + simulated age (seed 20260926),2026-09-26,
tr(r:p1udt17897-p1udt17897lv),279,Oncor stand-in,25,1,pad,1976,,1,0,0,0,,,,SIM: SMART-DS + simulated age (seed 20260926),2026-09-26,
tr(r:p1udt18073-p1udt18073lv),280,Oncor stand-in,25,1,pole,2017,,2,0,0,0,,,,SIM: SMART-DS + simulated age (seed 20260926),2026-09-26,
tr(r:p1udt18075-p1udt18075lv),281,Oncor stand-in,75,1,pad,1978,,4,0,0,0,,,,SIM: SMART-DS + simulated age (seed 20260926),2026-09-26,
tr(r:p1udt18076-p1udt18076lv),282,Oncor stand-in,25,1,pad,2014,,2,0,0,0,,,,SIM: SMART-DS + simulated age (seed 20260926),2026-09-26,
tr(r:p1udt18272-p1udt18272lv),283,Oncor stand-in,25,1,pad,2024,,1,0,0,0,,,,SIM: SMART-DS + simulated age (seed 20260926),2026-09-26,
tr(r:p1udt18469-p1udt18469lv),284,Oncor stand-in,25,1,pad,2005,,1,0,0,0,,,,SIM: SMART-DS + simulated age (seed 20260926),2026-09-26,
tr(r:p1udt18470-p1udt18470lv),285,Oncor stand-in,50,1,pad,1997,,2,0,0,0,,,,SIM: SMART-DS + simulated age (seed 20260926),2026-09-26,
tr(r:p1udt18675-p1udt18675lv),286,Oncor stand-in,25,1,pole,1995,,1,0,0,0,,,,SIM: SMART-DS + simulated age (seed 20260926),2026-09-26,
tr(r:p1udt18676-p1udt18676lv),287,Oncor stand-in,50,1,pad,1994,,3,0,0,0,,,,SIM: SMART-DS + simulated age (seed 20260926),2026-09-26,
tr(r:p1udt18677-p1udt18677lv),288,Oncor stand-in,75,1,pad,2025,,5,0,0,0,,,,SIM: SMART-DS + simulated age (seed 20260926),2026-09-26,
tr(r:p1udt18678-p1udt18678lv),289,Oncor stand-in,25,1,pad,2024,,1,0,0,0,,,,SIM: SMART-DS + simulated age (seed 20260926),2026-09-26,
tr(r:p1udt18871-p1udt18871lv),290,Oncor stand-in,75,1,pad,2026,,4,0,0,0,,,,SIM: SMART-DS + simulated age (seed 20260926),2026-09-26,
tr(r:p1udt19049-p1udt19049lv),291,Oncor stand-in,50,1,pad,2019,,3,0,0,0,,,,SIM: SMART-DS + simulated age (seed 20260926),2026-09-26,
tr(r:p1udt19052-p1udt19052lv),292,Oncor stand-in,50,1,pad,2016,,4,0,0,0,,,,SIM: SMART-DS + simulated age (seed 20260926),2026-09-26,
tr(r:p1udt19053-p1udt19053lv),293,Oncor stand-in,25,1,pad,2010,,1,1,0,0,,,,SIM: SMART-DS + simulated age (seed 20260926),2026-09-26,
tr(r:p1udt19056-p1udt19056lv),294,Oncor stand-in,25,1,pole,2023,,1,1,0,0,,,,SIM: SMART-DS + simulated age (seed 20260926),2026-09-26,
tr(r:p1udt19057-p1udt19057lv),295,Oncor stand-in,25,1,pole,2024,,1,1,0,0,,,,SIM: SMART-DS + simulated age (seed 20260926),2026-09-26,
tr(r:p1udt19058-p1udt19058lv),296,Oncor stand-in,25,1,pad,1987,,1,0,0,0,,,,SIM: SMART-DS + simulated age (seed 20260926),2026-09-26,
tr(r:p1udt19059-p1udt19059lv),297,Oncor stand-in,50,1,pad,2015,,3,1,0,0,,,,SIM: SMART-DS + simulated age (seed 20260926),2026-09-26,
tr(r:p1udt19242-p1udt19242lv),298,Oncor stand-in,50,1,pad,2016,,3,0,0,0,,,,SIM: SMART-DS + simulated age (seed 20260926),2026-09-26,
tr(r:p1udt19244-p1udt19244lv),299,Oncor stand-in,25,1,pad,1995,,1,0,0,0,,,,SIM: SMART-DS + simulated age (seed 20260926),2026-09-26,
tr(r:p1udt19245-p1udt19245lv),300,Oncor stand-in,50,1,pad,2006,,3,0,0,0,,,,SIM: SMART-DS + simulated age (seed 20260926),2026-09-26,
tr(r:p1udt19422-p1udt19422lv),301,Oncor stand-in,25,1,pad,2016,,2,0,0,0,,,,SIM: SMART-DS + simulated age (seed 20260926),2026-09-26,
tr(r:p1udt19600-p1udt19600lv),302,Oncor stand-in,50,1,pad,2021,,3,0,0,0,,,,SIM: SMART-DS + simulated age (seed 20260926),2026-09-26,
tr(r:p1udt19609-p1udt19609lv),303,Oncor stand-in,25,1,pad,1998,,1,0,0,0,,,,SIM: SMART-DS + simulated age (seed 20260926),2026-09-26,
tr(r:p1udt19775-p1udt19775lv),304,Oncor stand-in,25,1,pole,2017,,1,0,0,0,,,,SIM: SMART-DS + simulated age (seed 20260926),2026-09-26,
tr(r:p1udt19777-p1udt19777lv),305,Oncor stand-in,25,1,pole,2007,,1,0,0,0,,,,SIM: SMART-DS + simulated age (seed 20260926),2026-09-26,
tr(r:p1udt19778-p1udt19778lv),306,Oncor stand-in,25,1,pad,2022,,1,0,0,0,,,,SIM: SMART-DS + simulated age (seed 20260926),2026-09-26,
tr(r:p1udt19779-p1udt19779lv),307,Oncor stand-in,50,1,pad,1997,,3,0,0,0,,,,SIM: SMART-DS + simulated age (seed 20260926),2026-09-26,
tr(r:p1udt19947-p1udt19947lv),308,Oncor stand-in,50,1,pad,2009,,2,0,0,0,,,,SIM: SMART-DS + simulated age (seed 20260926),2026-09-26,
tr(r:p1udt19949-p1udt19949lv),309,Oncor stand-in,25,1,pole,2024,,1,0,0,0,,,,SIM: SMART-DS + simulated age (seed 20260926),2026-09-26,
tr(r:p1udt19950-p1udt19950lv),310,Oncor stand-in,25,1,pole,2017,,1,0,0,0,,,,SIM: SMART-DS + simulated age (seed 20260926),2026-09-26,
tr(r:p1udt20108-p1udt20108lv),311,Oncor stand-in,50,1,pad,1985,,3,0,0,0,,,,SIM: SMART-DS + simulated age (seed 20260926),2026-09-26,
tr(r:p1udt20109-p1udt20109lv),312,Oncor stand-in,50,1,pad,2023,,3,0,0,0,,,,SIM: SMART-DS + simulated age (seed 20260926),2026-09-26,
tr(r:p1udt20113-p1udt20113lv),313,Oncor stand-in,25,1,pad,2007,,1,0,0,0,,,,SIM: SMART-DS + simulated age (seed 20260926),2026-09-26,
tr(r:p1udt20114-p1udt20114lv),314,Oncor stand-in,50,1,pad,2017,,3,0,0,0,,,,SIM: SMART-DS + simulated age (seed 20260926),2026-09-26,
tr(r:p1udt20115-p1udt20115lv),315,Oncor stand-in,25,1,pad,1985,,1,0,0,0,,,,SIM: SMART-DS + simulated age (seed 20260926),2026-09-26,
tr(r:p1udt20273-p1udt20273lv),316,Oncor stand-in,25,1,pad,2010,,2,0,0,0,,,,SIM: SMART-DS + simulated age (seed 20260926),2026-09-26,
tr(r:p1udt20276-p1udt20276lv),317,Oncor stand-in,25,1,pad,1997,,1,0,0,0,,,,SIM: SMART-DS + simulated age (seed 20260926),2026-09-26,
tr(r:p1udt20430-p1udt20430lv),318,Oncor stand-in,25,1,pad,1997,,1,0,0,0,,,,SIM: SMART-DS + simulated age (seed 20260926),2026-09-26,
tr(r:p1udt20727-p1udt20727lv),319,Oncor stand-in,25,1,pad,2006,,1,0,0,0,,,,SIM: SMART-DS + simulated age (seed 20260926),2026-09-26,
tr(r:p1udt20730-p1udt20730lv),320,Oncor stand-in,25,1,pad,1988,,1,0,0,0,,,,SIM: SMART-DS + simulated age (seed 20260926),2026-09-26,
tr(r:p1udt20869-p1udt20869lv),321,Oncor stand-in,25,1,pad,2019,,1,0,0,0,,,,SIM: SMART-DS + simulated age (seed 20260926),2026-09-26,
tr(r:p1udt20871-p1udt20871lv),322,Oncor stand-in,25,1,pole,2013,,1,1,0,0,,,,SIM: SMART-DS + simulated age (seed 20260926),2026-09-26,
tr(r:p1udt20999-p1udt20999lv),323,Oncor stand-in,25,1,pad,1984,,1,0,0,0,,,,SIM: SMART-DS + simulated age (seed 20260926),2026-09-26,
tr(r:p1udt21000-p1udt21000lv),324,Oncor stand-in,25,1,pole,2020,,1,0,0,0,,,,SIM: SMART-DS + simulated age (seed 20260926),2026-09-26,
tr(r:p1udt21001-p1udt21001lv),325,Oncor stand-in,25,1,pole,1999,,1,0,0,0,,,,SIM: SMART-DS + simulated age (seed 20260926),2026-09-26,
tr(r:p1udt21002-p1udt21002lv),326,Oncor stand-in,50,1,pad,2009,,3,1,0,0,,,,SIM: SMART-DS + simulated age (seed 20260926),2026-09-26,
tr(r:p1udt21003-p1udt21003lv),327,Oncor stand-in,25,1,pad,1999,,1,0,0,0,,,,SIM: SMART-DS + simulated age (seed 20260926),2026-09-26,
tr(r:p1udt21004-p1udt21004lv),328,Oncor stand-in,25,1,pole,1987,,1,0,0,0,,,,SIM: SMART-DS + simulated age (seed 20260926),2026-09-26,
tr(r:p1udt21005-p1udt21005lv),329,Oncor stand-in,25,1,pad,2010,,1,0,0,0,,,,SIM: SMART-DS + simulated age (seed 20260926),2026-09-26,
tr(r:p1udt21006-p1udt21006lv),330,Oncor stand-in,50,1,pad,2014,,3,0,0,0,,,,SIM: SMART-DS + simulated age (seed 20260926),2026-09-26,
tr(r:p1udt21146-p1udt21146lv),331,Oncor stand-in,25,1,pad,2019,,1,0,0,0,,,,SIM: SMART-DS + simulated age (seed 20260926),2026-09-26,
tr(r:p1udt21147-p1udt21147lv),332,Oncor stand-in,50,1,pad,1996,,4,0,0,0,,,,SIM: SMART-DS + simulated age (seed 20260926),2026-09-26,
tr(r:p1udt21164-p1udt21164lv),333,Oncor stand-in,25,1,pole,2007,,1,0,0,0,,,,SIM: SMART-DS + simulated age (seed 20260926),2026-09-26,
tr(r:p1udt21559-p1udt21559lv),334,Oncor stand-in,25,1,pad,2016,,1,0,0,0,,,,SIM: SMART-DS + simulated age (seed 20260926),2026-09-26,
tr(r:p1udt21562-p1udt21562lv),335,Oncor stand-in,25,1,pad,2022,,1,1,0,0,,,,SIM: SMART-DS + simulated age (seed 20260926),2026-09-26,
tr(r:p1udt22125-p1udt22125lv),336,Oncor stand-in,25,1,pole,2007,,1,0,0,0,,,,SIM: SMART-DS + simulated age (seed 20260926),2026-09-26,
tr(r:p1udt22227-p1udt22227lv),337,Oncor stand-in,25,1,pad,2013,,1,0,0,0,,,,SIM: SMART-DS + simulated age (seed 20260926),2026-09-26,
tr(r:p1udt22229-p1udt22229lv),338,Oncor stand-in,25,1,pad,1996,,1,1,0,0,,,,SIM: SMART-DS + simulated age (seed 20260926),2026-09-26,
tr(r:p1udt22230-p1udt22230lv),339,Oncor stand-in,25,1,pad,1988,,1,0,0,0,,,,SIM: SMART-DS + simulated age (seed 20260926),2026-09-26,
tr(r:p1udt22361-p1udt22361lv),340,Oncor stand-in,25,1,pad,2012,,1,0,0,0,,,,SIM: SMART-DS + simulated age (seed 20260926),2026-09-26,
tr(r:p1udt22362-p1udt22362lv),341,Oncor stand-in,25,1,pad,2018,,1,0,0,0,,,,SIM: SMART-DS + simulated age (seed 20260926),2026-09-26,
tr(r:p1udt22478-p1udt22478lv),342,Oncor stand-in,25,1,pad,2026,,1,0,0,0,,,,SIM: SMART-DS + simulated age (seed 20260926),2026-09-26,
tr(r:p1udt22479-p1udt22479lv),343,Oncor stand-in,25,1,pad,2008,,1,0,0,0,,,,SIM: SMART-DS + simulated age (seed 20260926),2026-09-26,
tr(r:p1udt22591-p1udt22591lv),344,Oncor stand-in,25,1,pad,2013,,1,0,0,0,,,,SIM: SMART-DS + simulated age (seed 20260926),2026-09-26,
tr(r:p1udt22595-p1udt22595lv),345,Oncor stand-in,25,1,pad,2010,,2,0,0,0,,,,SIM: SMART-DS + simulated age (seed 20260926),2026-09-26,
tr(r:p1udt22607-p1udt22607lv),346,Oncor stand-in,25,1,pole,2020,,1,0,0,0,,,,SIM: SMART-DS + simulated age (seed 20260926),2026-09-26,
tr(r:p1udt22726-p1udt22726lv),347,Oncor stand-in,25,1,pad,2009,,1,0,0,0,,,,SIM: SMART-DS + simulated age (seed 20260926),2026-09-26,
tr(r:p1udt22849-p1udt22849lv),348,Oncor stand-in,25,1,pad,2013,,1,0,0,0,,,,SIM: SMART-DS + simulated age (seed 20260926),2026-09-26,
tr(r:p1udt22850-p1udt22850lv),349,Oncor stand-in,25,1,pad,2026,,1,1,0,0,,,,SIM: SMART-DS + simulated age (seed 20260926),2026-09-26,
tr(r:p1udt22851-p1udt22851lv),350,Oncor stand-in,25,1,pad,2024,,1,0,0,0,,,,SIM: SMART-DS + simulated age (seed 20260926),2026-09-26,
tr(r:p1udt22965-p1udt22965lv),351,Oncor stand-in,25,1,pad,2003,,1,0,0,0,,,,SIM: SMART-DS + simulated age (seed 20260926),2026-09-26,
tr(r:p1udt23424-p1udt23424lv),352,Oncor stand-in,25,1,pad,2012,,1,0,0,0,,,,SIM: SMART-DS + simulated age (seed 20260926),2026-09-26,
tr(r:p1udt23538-p1udt23538lv),353,Oncor stand-in,25,1,pad,2014,,1,0,0,0,,,,SIM: SMART-DS + simulated age (seed 20260926),2026-09-26,
tr(r:p1udt23539-p1udt23539lv),354,Oncor stand-in,25,1,pad,2026,,1,0,0,0,,,,SIM: SMART-DS + simulated age (seed 20260926),2026-09-26,
tr(r:p1udt23540-p1udt23540lv),355,Oncor stand-in,25,1,pole,2013,,1,0,0,0,,,,SIM: SMART-DS + simulated age (seed 20260926),2026-09-26,
tr(r:p1udt23655-p1udt23655lv),356,Oncor stand-in,25,1,pad,1999,,1,0,0,0,,,,SIM: SMART-DS + simulated age (seed 20260926),2026-09-26,
tr(r:p1udt23656-p1udt23656lv),357,Oncor stand-in,25,1,pad,1998,,2,2,0,0,,,,SIM: SMART-DS + simulated age (seed 20260926),2026-09-26,
tr(r:p1udt23657-p1udt23657lv),358,Oncor stand-in,25,1,pole,2004,,1,1,0,0,,,,SIM: SMART-DS + simulated age (seed 20260926),2026-09-26,
tr(r:p1udt23781-p1udt23781lv),359,Oncor stand-in,25,1,pole,2004,,1,0,0,0,,,,SIM: SMART-DS + simulated age (seed 20260926),2026-09-26,
tr(r:p1udt23887-p1udt23887lv),360,Oncor stand-in,25,1,pad,2022,,1,0,0,0,,,,SIM: SMART-DS + simulated age (seed 20260926),2026-09-26,
tr(r:p1udt24004-p1udt24004lv),361,Oncor stand-in,25,1,pad,2016,,1,1,0,0,,,,SIM: SMART-DS + simulated age (seed 20260926),2026-09-26,
tr(r:p1udt24005-p1udt24005lv),362,Oncor stand-in,25,1,pad,1995,,1,0,0,0,,,,SIM: SMART-DS + simulated age (seed 20260926),2026-09-26,
tr(r:p1udt24006-p1udt24006lv),363,Oncor stand-in,25,1,pad,2025,,1,0,0,0,,,,SIM: SMART-DS + simulated age (seed 20260926),2026-09-26,
tr(r:p1udt24007-p1udt24007lv),364,Oncor stand-in,25,1,pad,1986,,1,0,0,0,,,,SIM: SMART-DS + simulated age (seed 20260926),2026-09-26,
tr(r:p1udt24127-p1udt24127lv),365,Oncor stand-in,25,1,pad,2025,,1,0,0,0,,,,SIM: SMART-DS + simulated age (seed 20260926),2026-09-26,
tr(r:p1udt24243-p1udt24243lv),367,Oncor stand-in,25,1,pole,2000,,1,0,0,0,,,,SIM: SMART-DS + simulated age (seed 20260926),2026-09-26,
tr(r:p1udt24321-p1udt24321lv),368,Oncor stand-in,25,1,pole,1994,,1,1,0,0,,,,SIM: SMART-DS + simulated age (seed 20260926),2026-09-26,
tr(r:p1udt24532-p1udt24532lv),369,Oncor stand-in,25,1,pad,1996,,1,0,0,0,,,,SIM: SMART-DS + simulated age (seed 20260926),2026-09-26,
tr(r:p1udt24630-p1udt24630lv),370,Oncor stand-in,25,1,pad,1994,,1,0,0,0,,,,SIM: SMART-DS + simulated age (seed 20260926),2026-09-26,
tr(r:p1udt24631-p1udt24631lv),371,Oncor stand-in,25,1,pad,2019,,1,0,0,0,,,,SIM: SMART-DS + simulated age (seed 20260926),2026-09-26,
tr(r:p1udt24632-p1udt24632lv),372,Oncor stand-in,25,1,pole,1995,,1,0,0,0,,,,SIM: SMART-DS + simulated age (seed 20260926),2026-09-26,
tr(r:p1udt24833-p1udt24833lv),373,Oncor stand-in,25,1,pad,2023,,1,0,0,0,,,,SIM: SMART-DS + simulated age (seed 20260926),2026-09-26,
tr(r:p1udt24835-p1udt24835lv),374,Oncor stand-in,25,1,pole,2007,,1,0,0,0,,,,SIM: SMART-DS + simulated age (seed 20260926),2026-09-26,
tr(r:p1udt24836-p1udt24836lv),375,Oncor stand-in,50,1,pole,2018,,1,0,0,0,,,,SIM: SMART-DS + simulated age (seed 20260926),2026-09-26,
tr(r:p1udt25044-p1udt25044lv),376,Oncor stand-in,25,1,pole,2022,,1,0,0,0,,,,SIM: SMART-DS + simulated age (seed 20260926),2026-09-26,
tr(r:p1udt25045-p1udt25045lv),377,Oncor stand-in,25,1,pad,2000,,1,0,0,0,,,,SIM: SMART-DS + simulated age (seed 20260926),2026-09-26,
tr(r:p1udt25146-p1udt25146lv),378,Oncor stand-in,25,1,pad,2010,,1,0,0,0,,,,SIM: SMART-DS + simulated age (seed 20260926),2026-09-26,
