scenario,policy,response,step,minute,price_assumption_dollars_mwh,load_factor_assumption,target_kw,commitment_kw,delivered_kw,min_voltage_pu,max_transformer_loading_pct
heatwave,naive,observe,0,1110,145,0.49,-480.0,-480.0,-480.0,0.99098,66.81
heatwave,naive,observe,1,1115,150,0.5004420953776041,-518.4000000000001,-518.4000000000001,-518.4,0.99032,68.23
heatwave,naive,observe,2,1120,155,0.5107055236082017,-556.8,-556.8,-556.8,0.98966,69.63
heatwave,naive,observe,3,1125,160,0.5206146745892072,-595.2,-595.2,-595.2,0.98904,70.98
heatwave,naive,observe,4,1130,165,0.53,-633.5999999999999,-633.5999999999999,-633.6,0.98847,72.26
heatwave,naive,observe,5,1135,170,0.5387009143206977,-672.0,-672.0,-672.0,0.98796,73.45
heatwave,naive,observe,6,1140,175,0.5465685424949238,-710.4000000000001,-710.4000000000001,-710.4,0.98753,74.52
heatwave,naive,observe,7,1145,180,0.5534682672232988,-748.8000000000001,-748.8000000000001,-748.8,0.98718,75.46
heatwave,naive,observe,8,1150,185,0.5592820323027551,-787.1999999999999,-787.1999999999999,-787.2,0.98694,76.26
heatwave,naive,observe,9,1155,190,0.563910362600903,-825.5999999999999,-825.5999999999999,-825.6,0.98681,76.89
heatwave,naive,observe,10,1160,195,0.5672740661031255,-864.0,-864.0,-864.0,0.9868,77.35
heatwave,naive,observe,11,1165,200,0.5693155889099049,-902.4000000000001,-902.4000000000001,-902.4,0.98691,77.63
heatwave,naive,observe,12,1170,205,0.57,-940.8000000000001,-940.8000000000001,-940.8,0.98715,77.72
heatwave,aware,observe,0,1110,145,0.49,-480.0,-480.0,-410.51,0.99328,99.5
heatwave,aware,observe,1,1115,150,0.5004420953776041,-518.4000000000001,-518.4000000000001,-446.51,0.99206,99.47
heatwave,aware,observe,2,1120,155,0.5107055236082017,-556.8,-556.8,-482.99,0.99012,99.47
heatwave,aware,observe,3,1125,160,0.5206146745892072,-595.2,-595.2,-519.93,0.9895,99.5
heatwave,aware,observe,4,1130,165,0.53,-633.5999999999999,-633.5999999999999,-557.03,0.98947,99.49
heatwave,aware,observe,5,1135,170,0.5387009143206977,-672.0,-672.0,-594.23,0.99023,99.48
heatwave,aware,observe,6,1140,175,0.5465685424949238,-710.4000000000001,-710.4000000000001,-631.49,0.99103,99.47
heatwave,aware,observe,7,1145,180,0.5534682672232988,-748.8000000000001,-748.8000000000001,-668.73,0.99062,99.48
heatwave,aware,observe,8,1150,185,0.5592820323027551,-787.1999999999999,-787.1999999999999,-705.71,0.99163,99.47
heatwave,aware,observe,9,1155,190,0.563910362600903,-825.5999999999999,-825.5999999999999,-742.56,0.99143,99.5
heatwave,aware,observe,10,1160,195,0.5672740661031255,-864.0,-864.0,-778.78,0.99105,99.49
heatwave,aware,observe,11,1165,200,0.5693155889099049,-902.4000000000001,-902.4000000000001,-814.5,0.99167,99.49
heatwave,aware,observe,12,1170,205,0.57,-940.8000000000001,-940.8000000000001,-923.8,0.98821,99.49
rebound,naive,observe,0,1170,85,0.55,0,0,0.0,0.98152,79.03
rebound,naive,observe,1,1175,85,0.5546587428118455,0,0,0.0,0.98108,79.7
rebound,naive,observe,2,1180,85,0.559,0,0,0.0,0.98067,80.33
rebound,naive,observe,3,1185,12,0.5627279220613579,1632,1632,1632.0,0.93973,242.56
rebound,naive,observe,4,1190,12,0.5655884572681199,1632,1632,1632.0,0.93949,242.99
rebound,naive,observe,5,1195,12,0.5673866648732033,1632,1632,1632.0,0.93934,243.26
rebound,naive,observe,6,1200,12,0.5680000000000001,1632,1632,1632.0,0.93929,243.36
rebound,naive,observe,7,1205,12,0.5673866648732033,1632,1632,1632.0,0.93934,243.26
rebound,naive,observe,8,1210,12,0.5655884572681199,1632,1632,1632.0,0.93949,242.99
rebound,naive,observe,9,1215,12,0.5627279220613579,1632,1632,1632.0,0.93973,242.56
rebound,naive,observe,10,1220,12,0.559,1632,1632,1632.0,0.94005,241.99
rebound,naive,observe,11,1225,12,0.5546587428118455,1632,1632,1632.0,0.94042,241.33
rebound,naive,observe,12,1230,12,0.55,1632,1632,1632.0,0.94081,240.63
rebound,aware,observe,0,1170,85,0.55,0,0,0,0.98153,79.03
rebound,aware,observe,1,1175,85,0.5546587428118455,0,0,0,0.98108,79.7
rebound,aware,observe,2,1180,85,0.559,0,0,0,0.98067,80.33
rebound,aware,observe,3,1185,12,0.5627279220613579,1632,1632,1413.1,0.96529,99.5
rebound,aware,observe,4,1190,12,0.5655884572681199,1632,1632,1410.62,0.96508,99.49
rebound,aware,observe,5,1195,12,0.5673866648732033,1632,1632,1409.03,0.96495,99.49
rebound,aware,observe,6,1200,12,0.5680000000000001,1632,1632,1408.47,0.9649,99.49
rebound,aware,observe,7,1205,12,0.5673866648732033,1632,1632,1409.03,0.96495,99.49
rebound,aware,observe,8,1210,12,0.5655884572681199,1632,1632,1410.65,0.96508,99.49
rebound,aware,observe,9,1215,12,0.5627279220613579,1632,1632,1413.1,0.96529,99.5
rebound,aware,observe,10,1220,12,0.559,1632,1632,1416.3,0.96556,99.49
rebound,aware,observe,11,1225,12,0.5546587428118455,1632,1632,1420.01,0.96587,99.5
rebound,aware,observe,12,1230,12,0.55,1632,1632,1422.02,0.96624,99.49
covert,naive,observe,0,1170,42,0.55,288,288,288.1,0.97919,106.47
covert,naive,observe,1,1175,42,0.5546587428118455,288,288,288.34,0.97874,107.72
covert,naive,observe,2,1180,42,0.559,288,288,287.52,0.97832,108.05
covert,naive,observe,3,1185,42,0.5627279220613579,288,288,279.02,0.97814,104.98
covert,naive,observe,4,1190,42,0.5655884572681199,288,288,297.06,0.9775,112.04
covert,naive,observe,5,1195,42,0.5673866648732033,288,288,279.55,0.9777,106.04
covert,naive,observe,6,1200,42,0.5680000000000001,288,288,296.4,0.97727,111.97
covert,naive,observe,7,1205,42,0.5673866648732033,288,288,279.56,0.97772,106.11
covert,naive,observe,8,1210,42,0.5655884572681199,288,288,296.7,0.9775,112.56
covert,naive,observe,9,1215,42,0.5627279220613579,288,288,279.42,0.97814,104.8
covert,naive,observe,10,1220,42,0.559,288,288,296.32,0.97812,110.77
covert,naive,observe,11,1225,42,0.5546587428118455,288,288,279.86,0.97889,104.16
covert,naive,observe,12,1230,42,0.55,288,288,296.49,0.97899,109.98
covert,naive,quarantine,0,1170,42,0.55,288,288,288.1,0.97919,106.47
covert,naive,quarantine,1,1175,42,0.5546587428118455,288,288,288.34,0.97874,107.72
covert,naive,quarantine,2,1180,42,0.559,288,288,287.52,0.97832,108.05
covert,naive,quarantine,3,1185,42,0.5627279220613579,288,288,279.02,0.97814,104.98
covert,naive,quarantine,4,1190,42,0.5655884572681199,288,288,297.06,0.9775,112.04
covert,naive,quarantine,5,1195,42,0.5673866648732033,288,288,279.55,0.9777,106.04
covert,naive,quarantine,6,1200,42,0.5680000000000001,288,288,296.4,0.97727,111.97
covert,naive,quarantine,7,1205,42,0.5673866648732033,288,216,216.13,0.9791,81.54
covert,naive,quarantine,8,1210,42,0.5655884572681199,288,216,215.86,0.97928,81.28
covert,naive,quarantine,9,1215,42,0.5627279220613579,288,216,215.9,0.97954,80.87
covert,naive,quarantine,10,1220,42,0.559,288,216,215.66,0.9799,80.33
covert,naive,quarantine,11,1225,42,0.5546587428118455,288,216,216.08,0.9803,79.7
covert,naive,quarantine,12,1230,42,0.55,288,216,216.17,0.98074,79.03
covert,aware,observe,0,1170,42,0.55,288,288,255.55,0.97608,99.53
covert,aware,observe,1,1175,42,0.5546587428118455,288,288,255.79,0.97601,99.65
covert,aware,observe,2,1180,42,0.559,288,288,255.04,0.97583,99.63
covert,aware,observe,3,1185,42,0.5627279220613579,288,288,246.54,0.97573,99.57
covert,aware,observe,4,1190,42,0.5655884572681199,288,288,264.58,0.97585,99.46
covert,aware,observe,5,1195,42,0.5673866648732033,288,288,247.14,0.97554,99.21
covert,aware,observe,6,1200,42,0.5680000000000001,288,288,263.91,0.97548,99.29
covert,aware,observe,7,1205,42,0.5673866648732033,288,288,247.15,0.97544,99.61
covert,aware,observe,8,1210,42,0.5655884572681199,288,288,264.22,0.9758,99.55
covert,aware,observe,9,1215,42,0.5627279220613579,288,288,246.94,0.97582,99.63
covert,aware,observe,10,1220,42,0.559,288,288,263.84,0.97579,99.51
covert,aware,observe,11,1225,42,0.5546587428118455,288,288,247.3,0.97594,99.52
covert,aware,observe,12,1230,42,0.55,288,288,263.93,0.97614,99.67
covert,aware,quarantine,0,1170,42,0.55,288,288,255.55,0.97608,99.53
covert,aware,quarantine,1,1175,42,0.5546587428118455,288,288,255.79,0.97601,99.65
covert,aware,quarantine,2,1180,42,0.559,288,288,255.04,0.97583,99.63
covert,aware,quarantine,3,1185,42,0.5627279220613579,288,288,246.54,0.97573,99.57
covert,aware,quarantine,4,1190,42,0.5655884572681199,288,288,264.58,0.97585,99.46
covert,aware,quarantine,5,1195,42,0.5673866648732033,288,288,247.14,0.97554,99.21
covert,aware,quarantine,6,1200,42,0.5680000000000001,288,288,263.91,0.97548,99.29
covert,aware,quarantine,7,1205,42,0.5673866648732033,288,216,195.83,0.9799,99.62
covert,aware,quarantine,8,1210,42,0.5655884572681199,288,216,195.51,0.98007,100.01
covert,aware,quarantine,9,1215,42,0.5627279220613579,288,216,195.49,0.98034,99.46
covert,aware,quarantine,10,1220,42,0.559,288,216,195.2,0.9807,99.43
covert,aware,quarantine,11,1225,42,0.5546587428118455,288,216,195.52,0.9811,99.69
covert,aware,quarantine,12,1230,42,0.55,288,216,195.5,0.98154,99.31
