DeliveryDate,HourEnding,AncillaryType,Quantity,DSTFlag
09/25/2026,01:00,ECRS,1150,N
09/25/2026,01:00,NSPIN,1878,N
09/25/2026,01:00,REGDN,392,N
09/25/2026,01:00,REGUP,334,N
09/25/2026,01:00,RRS,2426,N
09/25/2026,02:00,ECRS,1069,N
09/25/2026,02:00,NSPIN,1795,N
09/25/2026,02:00,REGDN,260,N
09/25/2026,02:00,REGUP,274,N
09/25/2026,02:00,RRS,2426,N
09/25/2026,03:00,ECRS,1051,N
09/25/2026,03:00,NSPIN,1673,N
09/25/2026,03:00,REGDN,252,N
09/25/2026,03:00,REGUP,259,N
09/25/2026,03:00,RRS,2465,N
09/25/2026,04:00,ECRS,1042,N
09/25/2026,04:00,NSPIN,1674,N
09/25/2026,04:00,REGDN,289,N
09/25/2026,04:00,REGUP,251,N
09/25/2026,04:00,RRS,2465,N
09/25/2026,05:00,ECRS,1044,N
09/25/2026,05:00,NSPIN,1677,N
09/25/2026,05:00,REGDN,280,N
09/25/2026,05:00,REGUP,256,N
09/25/2026,05:00,RRS,2465,N
09/25/2026,06:00,ECRS,1083,N
09/25/2026,06:00,NSPIN,2309,N
09/25/2026,06:00,REGDN,253,N
09/25/2026,06:00,REGUP,267,N
09/25/2026,06:00,RRS,2465,N
09/25/2026,07:00,ECRS,1171,N
09/25/2026,07:00,NSPIN,2357,N
09/25/2026,07:00,REGDN,270,N
09/25/2026,07:00,REGUP,278,N
09/25/2026,07:00,RRS,2465,N
09/25/2026,08:00,ECRS,1341,N
09/25/2026,08:00,NSPIN,2761,N
09/25/2026,08:00,REGDN,372,N
09/25/2026,08:00,REGUP,352,N
09/25/2026,08:00,RRS,2465,N
09/25/2026,09:00,ECRS,1804,N
09/25/2026,09:00,NSPIN,2625,N
09/25/2026,09:00,REGDN,504,N
09/25/2026,09:00,REGUP,701,N
09/25/2026,09:00,RRS,2465,N
09/25/2026,10:00,ECRS,2708,N
09/25/2026,10:00,NSPIN,3239,N
09/25/2026,10:00,REGDN,577,N
09/25/2026,10:00,REGUP,703,N
09/25/2026,10:00,RRS,2465,N
09/25/2026,11:00,ECRS,2713,N
09/25/2026,11:00,NSPIN,3766,N
09/25/2026,11:00,REGDN,617,N
09/25/2026,11:00,REGUP,616,N
09/25/2026,11:00,RRS,2465,N
09/25/2026,12:00,ECRS,2634,N
09/25/2026,12:00,NSPIN,3923,N
09/25/2026,12:00,REGDN,682,N
09/25/2026,12:00,REGUP,515,N
09/25/2026,12:00,RRS,2465,N
09/25/2026,13:00,ECRS,2615,N
09/25/2026,13:00,NSPIN,3471,N
09/25/2026,13:00,REGDN,604,N
09/25/2026,13:00,REGUP,692,N
09/25/2026,13:00,RRS,2465,N
09/25/2026,14:00,ECRS,1752,N
09/25/2026,14:00,NSPIN,2004,N
09/25/2026,14:00,REGDN,607,N
09/25/2026,14:00,REGUP,601,N
09/25/2026,14:00,RRS,2465,N
09/25/2026,15:00,ECRS,1683,N
09/25/2026,15:00,NSPIN,1696,N
09/25/2026,15:00,REGDN,584,N
09/25/2026,15:00,REGUP,743,N
09/25/2026,15:00,RRS,2381,N
09/25/2026,16:00,ECRS,1620,N
09/25/2026,16:00,NSPIN,1670,N
09/25/2026,16:00,REGDN,610,N
09/25/2026,16:00,REGUP,755,N
09/25/2026,16:00,RRS,2381,N
09/25/2026,17:00,ECRS,1727,N
09/25/2026,17:00,NSPIN,1886,N
09/25/2026,17:00,REGDN,638,N
09/25/2026,17:00,REGUP,835,N
09/25/2026,17:00,RRS,2381,N
09/25/2026,18:00,ECRS,1768,N
09/25/2026,18:00,NSPIN,2210,N
09/25/2026,18:00,REGDN,697,N
09/25/2026,18:00,REGUP,764,N
09/25/2026,18:00,RRS,2381,N
09/25/2026,19:00,ECRS,1823,N
09/25/2026,19:00,NSPIN,2370,N
09/25/2026,19:00,REGDN,601,N
09/25/2026,19:00,REGUP,599,N
09/25/2026,19:00,RRS,2344,N
09/25/2026,20:00,ECRS,1919,N
09/25/2026,20:00,NSPIN,2413,N
09/25/2026,20:00,REGDN,394,N
09/25/2026,20:00,REGUP,422,N
09/25/2026,20:00,RRS,2344,N
09/25/2026,21:00,ECRS,1788,N
09/25/2026,21:00,NSPIN,2380,N
09/25/2026,21:00,REGDN,390,N
09/25/2026,21:00,REGUP,320,N
09/25/2026,21:00,RRS,2344,N
09/25/2026,22:00,ECRS,1607,N
09/25/2026,22:00,NSPIN,2132,N
09/25/2026,22:00,REGDN,321,N
09/25/2026,22:00,REGUP,277,N
09/25/2026,22:00,RRS,2344,N
09/25/2026,23:00,ECRS,1462,N
09/25/2026,23:00,NSPIN,2143,N
09/25/2026,23:00,REGDN,318,N
09/25/2026,23:00,REGUP,282,N
09/25/2026,23:00,RRS,2426,N
09/25/2026,24:00,ECRS,1266,N
09/25/2026,24:00,NSPIN,1946,N
09/25/2026,24:00,REGDN,266,N
09/25/2026,24:00,REGUP,269,N
09/25/2026,24:00,RRS,2426,N
09/26/2026,01:00,ECRS,1150,N
09/26/2026,01:00,NSPIN,1878,N
09/26/2026,01:00,REGDN,392,N
09/26/2026,01:00,REGUP,334,N
09/26/2026,01:00,RRS,2426,N
09/26/2026,02:00,ECRS,1069,N
09/26/2026,02:00,NSPIN,1795,N
09/26/2026,02:00,REGDN,260,N
09/26/2026,02:00,REGUP,274,N
09/26/2026,02:00,RRS,2426,N
09/26/2026,03:00,ECRS,1051,N
09/26/2026,03:00,NSPIN,1673,N
09/26/2026,03:00,REGDN,252,N
09/26/2026,03:00,REGUP,259,N
09/26/2026,03:00,RRS,2465,N
09/26/2026,04:00,ECRS,1042,N
09/26/2026,04:00,NSPIN,1674,N
09/26/2026,04:00,REGDN,289,N
09/26/2026,04:00,REGUP,251,N
09/26/2026,04:00,RRS,2465,N
09/26/2026,05:00,ECRS,1044,N
09/26/2026,05:00,NSPIN,1677,N
09/26/2026,05:00,REGDN,280,N
09/26/2026,05:00,REGUP,256,N
09/26/2026,05:00,RRS,2465,N
09/26/2026,06:00,ECRS,1083,N
09/26/2026,06:00,NSPIN,2309,N
09/26/2026,06:00,REGDN,253,N
09/26/2026,06:00,REGUP,267,N
09/26/2026,06:00,RRS,2465,N
09/26/2026,07:00,ECRS,1171,N
09/26/2026,07:00,NSPIN,2357,N
09/26/2026,07:00,REGDN,270,N
09/26/2026,07:00,REGUP,278,N
09/26/2026,07:00,RRS,2465,N
09/26/2026,08:00,ECRS,1341,N
09/26/2026,08:00,NSPIN,2761,N
09/26/2026,08:00,REGDN,372,N
09/26/2026,08:00,REGUP,352,N
09/26/2026,08:00,RRS,2465,N
09/26/2026,09:00,ECRS,1804,N
09/26/2026,09:00,NSPIN,2625,N
09/26/2026,09:00,REGDN,504,N
09/26/2026,09:00,REGUP,701,N
09/26/2026,09:00,RRS,2465,N
09/26/2026,10:00,ECRS,2708,N
09/26/2026,10:00,NSPIN,3239,N
09/26/2026,10:00,REGDN,577,N
09/26/2026,10:00,REGUP,703,N
09/26/2026,10:00,RRS,2465,N
09/26/2026,11:00,ECRS,2713,N
09/26/2026,11:00,NSPIN,3766,N
09/26/2026,11:00,REGDN,617,N
09/26/2026,11:00,REGUP,616,N
09/26/2026,11:00,RRS,2465,N
09/26/2026,12:00,ECRS,2634,N
09/26/2026,12:00,NSPIN,3923,N
09/26/2026,12:00,REGDN,682,N
09/26/2026,12:00,REGUP,515,N
09/26/2026,12:00,RRS,2465,N
09/26/2026,13:00,ECRS,2615,N
09/26/2026,13:00,NSPIN,3471,N
09/26/2026,13:00,REGDN,604,N
09/26/2026,13:00,REGUP,692,N
09/26/2026,13:00,RRS,2465,N
09/26/2026,14:00,ECRS,1752,N
09/26/2026,14:00,NSPIN,2004,N
09/26/2026,14:00,REGDN,607,N
09/26/2026,14:00,REGUP,601,N
09/26/2026,14:00,RRS,2465,N
09/26/2026,15:00,ECRS,1683,N
09/26/2026,15:00,NSPIN,1696,N
09/26/2026,15:00,REGDN,584,N
09/26/2026,15:00,REGUP,743,N
09/26/2026,15:00,RRS,2381,N
09/26/2026,16:00,ECRS,1620,N
09/26/2026,16:00,NSPIN,1670,N
09/26/2026,16:00,REGDN,610,N
09/26/2026,16:00,REGUP,755,N
09/26/2026,16:00,RRS,2381,N
09/26/2026,17:00,ECRS,1727,N
09/26/2026,17:00,NSPIN,1886,N
09/26/2026,17:00,REGDN,638,N
09/26/2026,17:00,REGUP,835,N
09/26/2026,17:00,RRS,2381,N
09/26/2026,18:00,ECRS,1768,N
09/26/2026,18:00,NSPIN,2210,N
09/26/2026,18:00,REGDN,697,N
09/26/2026,18:00,REGUP,764,N
09/26/2026,18:00,RRS,2381,N
09/26/2026,19:00,ECRS,1823,N
09/26/2026,19:00,NSPIN,2370,N
09/26/2026,19:00,REGDN,601,N
09/26/2026,19:00,REGUP,599,N
09/26/2026,19:00,RRS,2344,N
09/26/2026,20:00,ECRS,1919,N
09/26/2026,20:00,NSPIN,2413,N
09/26/2026,20:00,REGDN,394,N
09/26/2026,20:00,REGUP,422,N
09/26/2026,20:00,RRS,2344,N
09/26/2026,21:00,ECRS,1788,N
09/26/2026,21:00,NSPIN,2380,N
09/26/2026,21:00,REGDN,390,N
09/26/2026,21:00,REGUP,320,N
09/26/2026,21:00,RRS,2344,N
09/26/2026,22:00,ECRS,1607,N
09/26/2026,22:00,NSPIN,2132,N
09/26/2026,22:00,REGDN,321,N
09/26/2026,22:00,REGUP,277,N
09/26/2026,22:00,RRS,2344,N
09/26/2026,23:00,ECRS,1462,N
09/26/2026,23:00,NSPIN,2143,N
09/26/2026,23:00,REGDN,318,N
09/26/2026,23:00,REGUP,282,N
09/26/2026,23:00,RRS,2426,N
09/26/2026,24:00,ECRS,1266,N
09/26/2026,24:00,NSPIN,1946,N
09/26/2026,24:00,REGDN,266,N
09/26/2026,24:00,REGUP,269,N
09/26/2026,24:00,RRS,2426,N
09/27/2026,01:00,ECRS,1150,N
09/27/2026,01:00,NSPIN,1878,N
09/27/2026,01:00,REGDN,392,N
09/27/2026,01:00,REGUP,334,N
09/27/2026,01:00,RRS,2426,N
09/27/2026,02:00,ECRS,1069,N
09/27/2026,02:00,NSPIN,1795,N
09/27/2026,02:00,REGDN,260,N
09/27/2026,02:00,REGUP,274,N
09/27/2026,02:00,RRS,2426,N
09/27/2026,03:00,ECRS,1051,N
09/27/2026,03:00,NSPIN,1673,N
09/27/2026,03:00,REGDN,252,N
09/27/2026,03:00,REGUP,259,N
09/27/2026,03:00,RRS,2465,N
09/27/2026,04:00,ECRS,1042,N
09/27/2026,04:00,NSPIN,1674,N
09/27/2026,04:00,REGDN,289,N
09/27/2026,04:00,REGUP,251,N
09/27/2026,04:00,RRS,2465,N
09/27/2026,05:00,ECRS,1044,N
09/27/2026,05:00,NSPIN,1677,N
09/27/2026,05:00,REGDN,280,N
09/27/2026,05:00,REGUP,256,N
09/27/2026,05:00,RRS,2465,N
09/27/2026,06:00,ECRS,1083,N
09/27/2026,06:00,NSPIN,2309,N
09/27/2026,06:00,REGDN,253,N
09/27/2026,06:00,REGUP,267,N
09/27/2026,06:00,RRS,2465,N
09/27/2026,07:00,ECRS,1171,N
09/27/2026,07:00,NSPIN,2357,N
09/27/2026,07:00,REGDN,270,N
09/27/2026,07:00,REGUP,278,N
09/27/2026,07:00,RRS,2465,N
09/27/2026,08:00,ECRS,1341,N
09/27/2026,08:00,NSPIN,2761,N
09/27/2026,08:00,REGDN,372,N
09/27/2026,08:00,REGUP,352,N
09/27/2026,08:00,RRS,2465,N
09/27/2026,09:00,ECRS,1804,N
09/27/2026,09:00,NSPIN,2625,N
09/27/2026,09:00,REGDN,504,N
09/27/2026,09:00,REGUP,701,N
09/27/2026,09:00,RRS,2465,N
09/27/2026,10:00,ECRS,2708,N
09/27/2026,10:00,NSPIN,3239,N
09/27/2026,10:00,REGDN,577,N
09/27/2026,10:00,REGUP,703,N
09/27/2026,10:00,RRS,2465,N
09/27/2026,11:00,ECRS,2713,N
09/27/2026,11:00,NSPIN,3766,N
09/27/2026,11:00,REGDN,617,N
09/27/2026,11:00,REGUP,616,N
09/27/2026,11:00,RRS,2465,N
09/27/2026,12:00,ECRS,2634,N
09/27/2026,12:00,NSPIN,3923,N
09/27/2026,12:00,REGDN,682,N
09/27/2026,12:00,REGUP,515,N
09/27/2026,12:00,RRS,2465,N
09/27/2026,13:00,ECRS,2615,N
09/27/2026,13:00,NSPIN,3471,N
09/27/2026,13:00,REGDN,604,N
09/27/2026,13:00,REGUP,692,N
09/27/2026,13:00,RRS,2465,N
09/27/2026,14:00,ECRS,1752,N
09/27/2026,14:00,NSPIN,2004,N
09/27/2026,14:00,REGDN,607,N
09/27/2026,14:00,REGUP,601,N
09/27/2026,14:00,RRS,2465,N
09/27/2026,15:00,ECRS,1683,N
09/27/2026,15:00,NSPIN,1696,N
09/27/2026,15:00,REGDN,584,N
09/27/2026,15:00,REGUP,743,N
09/27/2026,15:00,RRS,2381,N
09/27/2026,16:00,ECRS,1620,N
09/27/2026,16:00,NSPIN,1670,N
09/27/2026,16:00,REGDN,610,N
09/27/2026,16:00,REGUP,755,N
09/27/2026,16:00,RRS,2381,N
09/27/2026,17:00,ECRS,1727,N
09/27/2026,17:00,NSPIN,1886,N
09/27/2026,17:00,REGDN,638,N
09/27/2026,17:00,REGUP,835,N
09/27/2026,17:00,RRS,2381,N
09/27/2026,18:00,ECRS,1768,N
09/27/2026,18:00,NSPIN,2210,N
09/27/2026,18:00,REGDN,697,N
09/27/2026,18:00,REGUP,764,N
09/27/2026,18:00,RRS,2381,N
09/27/2026,19:00,ECRS,1823,N
09/27/2026,19:00,NSPIN,2370,N
09/27/2026,19:00,REGDN,601,N
09/27/2026,19:00,REGUP,599,N
09/27/2026,19:00,RRS,2344,N
09/27/2026,20:00,ECRS,1919,N
09/27/2026,20:00,NSPIN,2413,N
09/27/2026,20:00,REGDN,394,N
09/27/2026,20:00,REGUP,422,N
09/27/2026,20:00,RRS,2344,N
09/27/2026,21:00,ECRS,1788,N
09/27/2026,21:00,NSPIN,2380,N
09/27/2026,21:00,REGDN,390,N
09/27/2026,21:00,REGUP,320,N
09/27/2026,21:00,RRS,2344,N
09/27/2026,22:00,ECRS,1607,N
09/27/2026,22:00,NSPIN,2132,N
09/27/2026,22:00,REGDN,321,N
09/27/2026,22:00,REGUP,277,N
09/27/2026,22:00,RRS,2344,N
09/27/2026,23:00,ECRS,1462,N
09/27/2026,23:00,NSPIN,2143,N
09/27/2026,23:00,REGDN,318,N
09/27/2026,23:00,REGUP,282,N
09/27/2026,23:00,RRS,2426,N
09/27/2026,24:00,ECRS,1266,N
09/27/2026,24:00,NSPIN,1946,N
09/27/2026,24:00,REGDN,266,N
09/27/2026,24:00,REGUP,269,N
09/27/2026,24:00,RRS,2426,N
09/28/2026,01:00,ECRS,1150,N
09/28/2026,01:00,NSPIN,1878,N
09/28/2026,01:00,REGDN,392,N
09/28/2026,01:00,REGUP,334,N
09/28/2026,01:00,RRS,2426,N
09/28/2026,02:00,ECRS,1069,N
09/28/2026,02:00,NSPIN,1795,N
09/28/2026,02:00,REGDN,260,N
09/28/2026,02:00,REGUP,274,N
09/28/2026,02:00,RRS,2426,N
09/28/2026,03:00,ECRS,1051,N
09/28/2026,03:00,NSPIN,1673,N
09/28/2026,03:00,REGDN,252,N
09/28/2026,03:00,REGUP,259,N
09/28/2026,03:00,RRS,2465,N
09/28/2026,04:00,ECRS,1042,N
09/28/2026,04:00,NSPIN,1674,N
09/28/2026,04:00,REGDN,289,N
09/28/2026,04:00,REGUP,251,N
09/28/2026,04:00,RRS,2465,N
09/28/2026,05:00,ECRS,1044,N
09/28/2026,05:00,NSPIN,1677,N
09/28/2026,05:00,REGDN,280,N
09/28/2026,05:00,REGUP,256,N
09/28/2026,05:00,RRS,2465,N
09/28/2026,06:00,ECRS,1083,N
09/28/2026,06:00,NSPIN,2309,N
09/28/2026,06:00,REGDN,253,N
09/28/2026,06:00,REGUP,267,N
09/28/2026,06:00,RRS,2465,N
09/28/2026,07:00,ECRS,1171,N
09/28/2026,07:00,NSPIN,2357,N
09/28/2026,07:00,REGDN,270,N
09/28/2026,07:00,REGUP,278,N
09/28/2026,07:00,RRS,2465,N
09/28/2026,08:00,ECRS,1341,N
09/28/2026,08:00,NSPIN,2761,N
09/28/2026,08:00,REGDN,372,N
09/28/2026,08:00,REGUP,352,N
09/28/2026,08:00,RRS,2465,N
09/28/2026,09:00,ECRS,1804,N
09/28/2026,09:00,NSPIN,2625,N
09/28/2026,09:00,REGDN,504,N
09/28/2026,09:00,REGUP,701,N
09/28/2026,09:00,RRS,2465,N
09/28/2026,10:00,ECRS,2708,N
09/28/2026,10:00,NSPIN,3239,N
09/28/2026,10:00,REGDN,577,N
09/28/2026,10:00,REGUP,703,N
09/28/2026,10:00,RRS,2465,N
09/28/2026,11:00,ECRS,2713,N
09/28/2026,11:00,NSPIN,3766,N
09/28/2026,11:00,REGDN,617,N
09/28/2026,11:00,REGUP,616,N
09/28/2026,11:00,RRS,2465,N
09/28/2026,12:00,ECRS,2634,N
09/28/2026,12:00,NSPIN,3923,N
09/28/2026,12:00,REGDN,682,N
09/28/2026,12:00,REGUP,515,N
09/28/2026,12:00,RRS,2465,N
09/28/2026,13:00,ECRS,2615,N
09/28/2026,13:00,NSPIN,3471,N
09/28/2026,13:00,REGDN,604,N
09/28/2026,13:00,REGUP,692,N
09/28/2026,13:00,RRS,2465,N
09/28/2026,14:00,ECRS,1752,N
09/28/2026,14:00,NSPIN,2004,N
09/28/2026,14:00,REGDN,607,N
09/28/2026,14:00,REGUP,601,N
09/28/2026,14:00,RRS,2465,N
09/28/2026,15:00,ECRS,1683,N
09/28/2026,15:00,NSPIN,1696,N
09/28/2026,15:00,REGDN,584,N
09/28/2026,15:00,REGUP,743,N
09/28/2026,15:00,RRS,2381,N
09/28/2026,16:00,ECRS,1620,N
09/28/2026,16:00,NSPIN,1670,N
09/28/2026,16:00,REGDN,610,N
09/28/2026,16:00,REGUP,755,N
09/28/2026,16:00,RRS,2381,N
09/28/2026,17:00,ECRS,1727,N
09/28/2026,17:00,NSPIN,1886,N
09/28/2026,17:00,REGDN,638,N
09/28/2026,17:00,REGUP,835,N
09/28/2026,17:00,RRS,2381,N
09/28/2026,18:00,ECRS,1768,N
09/28/2026,18:00,NSPIN,2210,N
09/28/2026,18:00,REGDN,697,N
09/28/2026,18:00,REGUP,764,N
09/28/2026,18:00,RRS,2381,N
09/28/2026,19:00,ECRS,1823,N
09/28/2026,19:00,NSPIN,2370,N
09/28/2026,19:00,REGDN,601,N
09/28/2026,19:00,REGUP,599,N
09/28/2026,19:00,RRS,2344,N
09/28/2026,20:00,ECRS,1919,N
09/28/2026,20:00,NSPIN,2413,N
09/28/2026,20:00,REGDN,394,N
09/28/2026,20:00,REGUP,422,N
09/28/2026,20:00,RRS,2344,N
09/28/2026,21:00,ECRS,1788,N
09/28/2026,21:00,NSPIN,2380,N
09/28/2026,21:00,REGDN,390,N
09/28/2026,21:00,REGUP,320,N
09/28/2026,21:00,RRS,2344,N
09/28/2026,22:00,ECRS,1607,N
09/28/2026,22:00,NSPIN,2132,N
09/28/2026,22:00,REGDN,321,N
09/28/2026,22:00,REGUP,277,N
09/28/2026,22:00,RRS,2344,N
09/28/2026,23:00,ECRS,1462,N
09/28/2026,23:00,NSPIN,2143,N
09/28/2026,23:00,REGDN,318,N
09/28/2026,23:00,REGUP,282,N
09/28/2026,23:00,RRS,2426,N
09/28/2026,24:00,ECRS,1266,N
09/28/2026,24:00,NSPIN,1946,N
09/28/2026,24:00,REGDN,266,N
09/28/2026,24:00,REGUP,269,N
09/28/2026,24:00,RRS,2426,N
09/29/2026,01:00,ECRS,1150,N
09/29/2026,01:00,NSPIN,1878,N
09/29/2026,01:00,REGDN,392,N
09/29/2026,01:00,REGUP,334,N
09/29/2026,01:00,RRS,2426,N
09/29/2026,02:00,ECRS,1069,N
09/29/2026,02:00,NSPIN,1795,N
09/29/2026,02:00,REGDN,260,N
09/29/2026,02:00,REGUP,274,N
09/29/2026,02:00,RRS,2426,N
09/29/2026,03:00,ECRS,1051,N
09/29/2026,03:00,NSPIN,1673,N
09/29/2026,03:00,REGDN,252,N
09/29/2026,03:00,REGUP,259,N
09/29/2026,03:00,RRS,2465,N
09/29/2026,04:00,ECRS,1042,N
09/29/2026,04:00,NSPIN,1674,N
09/29/2026,04:00,REGDN,289,N
09/29/2026,04:00,REGUP,251,N
09/29/2026,04:00,RRS,2465,N
09/29/2026,05:00,ECRS,1044,N
09/29/2026,05:00,NSPIN,1677,N
09/29/2026,05:00,REGDN,280,N
09/29/2026,05:00,REGUP,256,N
09/29/2026,05:00,RRS,2465,N
09/29/2026,06:00,ECRS,1083,N
09/29/2026,06:00,NSPIN,2309,N
09/29/2026,06:00,REGDN,253,N
09/29/2026,06:00,REGUP,267,N
09/29/2026,06:00,RRS,2465,N
09/29/2026,07:00,ECRS,1171,N
09/29/2026,07:00,NSPIN,2357,N
09/29/2026,07:00,REGDN,270,N
09/29/2026,07:00,REGUP,278,N
09/29/2026,07:00,RRS,2465,N
09/29/2026,08:00,ECRS,1341,N
09/29/2026,08:00,NSPIN,2761,N
09/29/2026,08:00,REGDN,372,N
09/29/2026,08:00,REGUP,352,N
09/29/2026,08:00,RRS,2465,N
09/29/2026,09:00,ECRS,1804,N
09/29/2026,09:00,NSPIN,2625,N
09/29/2026,09:00,REGDN,504,N
09/29/2026,09:00,REGUP,701,N
09/29/2026,09:00,RRS,2465,N
09/29/2026,10:00,ECRS,2708,N
09/29/2026,10:00,NSPIN,3239,N
09/29/2026,10:00,REGDN,577,N
09/29/2026,10:00,REGUP,703,N
09/29/2026,10:00,RRS,2465,N
09/29/2026,11:00,ECRS,2713,N
09/29/2026,11:00,NSPIN,3766,N
09/29/2026,11:00,REGDN,617,N
09/29/2026,11:00,REGUP,616,N
09/29/2026,11:00,RRS,2465,N
09/29/2026,12:00,ECRS,2634,N
09/29/2026,12:00,NSPIN,3923,N
09/29/2026,12:00,REGDN,682,N
09/29/2026,12:00,REGUP,515,N
09/29/2026,12:00,RRS,2465,N
09/29/2026,13:00,ECRS,2615,N
09/29/2026,13:00,NSPIN,3471,N
09/29/2026,13:00,REGDN,604,N
09/29/2026,13:00,REGUP,692,N
09/29/2026,13:00,RRS,2465,N
09/29/2026,14:00,ECRS,1752,N
09/29/2026,14:00,NSPIN,2004,N
09/29/2026,14:00,REGDN,607,N
09/29/2026,14:00,REGUP,601,N
09/29/2026,14:00,RRS,2465,N
09/29/2026,15:00,ECRS,1683,N
09/29/2026,15:00,NSPIN,1696,N
09/29/2026,15:00,REGDN,584,N
09/29/2026,15:00,REGUP,743,N
09/29/2026,15:00,RRS,2381,N
09/29/2026,16:00,ECRS,1620,N
09/29/2026,16:00,NSPIN,1670,N
09/29/2026,16:00,REGDN,610,N
09/29/2026,16:00,REGUP,755,N
09/29/2026,16:00,RRS,2381,N
09/29/2026,17:00,ECRS,1727,N
09/29/2026,17:00,NSPIN,1886,N
09/29/2026,17:00,REGDN,638,N
09/29/2026,17:00,REGUP,835,N
09/29/2026,17:00,RRS,2381,N
09/29/2026,18:00,ECRS,1768,N
09/29/2026,18:00,NSPIN,2210,N
09/29/2026,18:00,REGDN,697,N
09/29/2026,18:00,REGUP,764,N
09/29/2026,18:00,RRS,2381,N
09/29/2026,19:00,ECRS,1823,N
09/29/2026,19:00,NSPIN,2370,N
09/29/2026,19:00,REGDN,601,N
09/29/2026,19:00,REGUP,599,N
09/29/2026,19:00,RRS,2344,N
09/29/2026,20:00,ECRS,1919,N
09/29/2026,20:00,NSPIN,2413,N
09/29/2026,20:00,REGDN,394,N
09/29/2026,20:00,REGUP,422,N
09/29/2026,20:00,RRS,2344,N
09/29/2026,21:00,ECRS,1788,N
09/29/2026,21:00,NSPIN,2380,N
09/29/2026,21:00,REGDN,390,N
09/29/2026,21:00,REGUP,320,N
09/29/2026,21:00,RRS,2344,N
09/29/2026,22:00,ECRS,1607,N
09/29/2026,22:00,NSPIN,2132,N
09/29/2026,22:00,REGDN,321,N
09/29/2026,22:00,REGUP,277,N
09/29/2026,22:00,RRS,2344,N
09/29/2026,23:00,ECRS,1462,N
09/29/2026,23:00,NSPIN,2143,N
09/29/2026,23:00,REGDN,318,N
09/29/2026,23:00,REGUP,282,N
09/29/2026,23:00,RRS,2426,N
09/29/2026,24:00,ECRS,1266,N
09/29/2026,24:00,NSPIN,1946,N
09/29/2026,24:00,REGDN,266,N
09/29/2026,24:00,REGUP,269,N
09/29/2026,24:00,RRS,2426,N
09/30/2026,01:00,ECRS,1150,N
09/30/2026,01:00,NSPIN,1878,N
09/30/2026,01:00,REGDN,392,N
09/30/2026,01:00,REGUP,334,N
09/30/2026,01:00,RRS,2426,N
09/30/2026,02:00,ECRS,1069,N
09/30/2026,02:00,NSPIN,1795,N
09/30/2026,02:00,REGDN,260,N
09/30/2026,02:00,REGUP,274,N
09/30/2026,02:00,RRS,2426,N
09/30/2026,03:00,ECRS,1051,N
09/30/2026,03:00,NSPIN,1673,N
09/30/2026,03:00,REGDN,252,N
09/30/2026,03:00,REGUP,259,N
09/30/2026,03:00,RRS,2465,N
09/30/2026,04:00,ECRS,1042,N
09/30/2026,04:00,NSPIN,1674,N
09/30/2026,04:00,REGDN,289,N
09/30/2026,04:00,REGUP,251,N
09/30/2026,04:00,RRS,2465,N
09/30/2026,05:00,ECRS,1044,N
09/30/2026,05:00,NSPIN,1677,N
09/30/2026,05:00,REGDN,280,N
09/30/2026,05:00,REGUP,256,N
09/30/2026,05:00,RRS,2465,N
09/30/2026,06:00,ECRS,1083,N
09/30/2026,06:00,NSPIN,2309,N
09/30/2026,06:00,REGDN,253,N
09/30/2026,06:00,REGUP,267,N
09/30/2026,06:00,RRS,2465,N
09/30/2026,07:00,ECRS,1171,N
09/30/2026,07:00,NSPIN,2357,N
09/30/2026,07:00,REGDN,270,N
09/30/2026,07:00,REGUP,278,N
09/30/2026,07:00,RRS,2465,N
09/30/2026,08:00,ECRS,1341,N
09/30/2026,08:00,NSPIN,2761,N
09/30/2026,08:00,REGDN,372,N
09/30/2026,08:00,REGUP,352,N
09/30/2026,08:00,RRS,2465,N
09/30/2026,09:00,ECRS,1804,N
09/30/2026,09:00,NSPIN,2625,N
09/30/2026,09:00,REGDN,504,N
09/30/2026,09:00,REGUP,701,N
09/30/2026,09:00,RRS,2465,N
09/30/2026,10:00,ECRS,2708,N
09/30/2026,10:00,NSPIN,3239,N
09/30/2026,10:00,REGDN,577,N
09/30/2026,10:00,REGUP,703,N
09/30/2026,10:00,RRS,2465,N
09/30/2026,11:00,ECRS,2713,N
09/30/2026,11:00,NSPIN,3766,N
09/30/2026,11:00,REGDN,617,N
09/30/2026,11:00,REGUP,616,N
09/30/2026,11:00,RRS,2465,N
09/30/2026,12:00,ECRS,2634,N
09/30/2026,12:00,NSPIN,3923,N
09/30/2026,12:00,REGDN,682,N
09/30/2026,12:00,REGUP,515,N
09/30/2026,12:00,RRS,2465,N
09/30/2026,13:00,ECRS,2615,N
09/30/2026,13:00,NSPIN,3471,N
09/30/2026,13:00,REGDN,604,N
09/30/2026,13:00,REGUP,692,N
09/30/2026,13:00,RRS,2465,N
09/30/2026,14:00,ECRS,1752,N
09/30/2026,14:00,NSPIN,2004,N
09/30/2026,14:00,REGDN,607,N
09/30/2026,14:00,REGUP,601,N
09/30/2026,14:00,RRS,2465,N
09/30/2026,15:00,ECRS,1683,N
09/30/2026,15:00,NSPIN,1696,N
09/30/2026,15:00,REGDN,584,N
09/30/2026,15:00,REGUP,743,N
09/30/2026,15:00,RRS,2381,N
09/30/2026,16:00,ECRS,1620,N
09/30/2026,16:00,NSPIN,1670,N
09/30/2026,16:00,REGDN,610,N
09/30/2026,16:00,REGUP,755,N
09/30/2026,16:00,RRS,2381,N
09/30/2026,17:00,ECRS,1727,N
09/30/2026,17:00,NSPIN,1886,N
09/30/2026,17:00,REGDN,638,N
09/30/2026,17:00,REGUP,835,N
09/30/2026,17:00,RRS,2381,N
09/30/2026,18:00,ECRS,1768,N
09/30/2026,18:00,NSPIN,2210,N
09/30/2026,18:00,REGDN,697,N
09/30/2026,18:00,REGUP,764,N
09/30/2026,18:00,RRS,2381,N
09/30/2026,19:00,ECRS,1823,N
09/30/2026,19:00,NSPIN,2370,N
09/30/2026,19:00,REGDN,601,N
09/30/2026,19:00,REGUP,599,N
09/30/2026,19:00,RRS,2344,N
09/30/2026,20:00,ECRS,1919,N
09/30/2026,20:00,NSPIN,2413,N
09/30/2026,20:00,REGDN,394,N
09/30/2026,20:00,REGUP,422,N
09/30/2026,20:00,RRS,2344,N
09/30/2026,21:00,ECRS,1788,N
09/30/2026,21:00,NSPIN,2380,N
09/30/2026,21:00,REGDN,390,N
09/30/2026,21:00,REGUP,320,N
09/30/2026,21:00,RRS,2344,N
09/30/2026,22:00,ECRS,1607,N
09/30/2026,22:00,NSPIN,2132,N
09/30/2026,22:00,REGDN,321,N
09/30/2026,22:00,REGUP,277,N
09/30/2026,22:00,RRS,2344,N
09/30/2026,23:00,ECRS,1462,N
09/30/2026,23:00,NSPIN,2143,N
09/30/2026,23:00,REGDN,318,N
09/30/2026,23:00,REGUP,282,N
09/30/2026,23:00,RRS,2426,N
09/30/2026,24:00,ECRS,1266,N
09/30/2026,24:00,NSPIN,1946,N
09/30/2026,24:00,REGDN,266,N
09/30/2026,24:00,REGUP,269,N
09/30/2026,24:00,RRS,2426,N
10/01/2026,01:00,ECRS,1138,N
10/01/2026,01:00,NSPIN,2805,N
10/01/2026,01:00,REGDN,386,N
10/01/2026,01:00,REGUP,434,N
10/01/2026,01:00,RRS,2702,N
10/01/2026,02:00,ECRS,1005,N
10/01/2026,02:00,NSPIN,2535,N
10/01/2026,02:00,REGDN,294,N
10/01/2026,02:00,REGUP,380,N
10/01/2026,02:00,RRS,2702,N
10/01/2026,03:00,ECRS,1051,N
10/01/2026,03:00,NSPIN,2276,N
10/01/2026,03:00,REGDN,277,N
10/01/2026,03:00,REGUP,333,N
10/01/2026,03:00,RRS,2770,N
10/01/2026,04:00,ECRS,808,N
10/01/2026,04:00,NSPIN,2297,N
10/01/2026,04:00,REGDN,246,N
10/01/2026,04:00,REGUP,335,N
10/01/2026,04:00,RRS,2770,N
10/01/2026,05:00,ECRS,985,N
10/01/2026,05:00,NSPIN,2164,N
10/01/2026,05:00,REGDN,277,N
10/01/2026,05:00,REGUP,377,N
10/01/2026,05:00,RRS,2770,N
10/01/2026,06:00,ECRS,1220,N
10/01/2026,06:00,NSPIN,2450,N
10/01/2026,06:00,REGDN,279,N
10/01/2026,06:00,REGUP,338,N
10/01/2026,06:00,RRS,2770,N
10/01/2026,07:00,ECRS,1414,N
10/01/2026,07:00,NSPIN,3152,N
10/01/2026,07:00,REGDN,292,N
10/01/2026,07:00,REGUP,335,N
10/01/2026,07:00,RRS,2770,N
10/01/2026,08:00,ECRS,1726,N
10/01/2026,08:00,NSPIN,3936,N
10/01/2026,08:00,REGDN,310,N
10/01/2026,08:00,REGUP,322,N
10/01/2026,08:00,RRS,2770,N
10/01/2026,09:00,ECRS,2125,N
10/01/2026,09:00,NSPIN,3596,N
10/01/2026,09:00,REGDN,693,N
10/01/2026,09:00,REGUP,611,N
10/01/2026,09:00,RRS,2770,N
10/01/2026,10:00,ECRS,2565,N
10/01/2026,10:00,NSPIN,2812,N
10/01/2026,10:00,REGDN,595,N
10/01/2026,10:00,REGUP,848,N
10/01/2026,10:00,RRS,2770,N
10/01/2026,11:00,ECRS,2114,N
10/01/2026,11:00,NSPIN,3318,N
10/01/2026,11:00,REGDN,567,N
10/01/2026,11:00,REGUP,617,N
10/01/2026,11:00,RRS,2867,N
10/01/2026,12:00,ECRS,1848,N
10/01/2026,12:00,NSPIN,3002,N
10/01/2026,12:00,REGDN,667,N
10/01/2026,12:00,REGUP,579,N
10/01/2026,12:00,RRS,2867,N
10/01/2026,13:00,ECRS,1468,N
10/01/2026,13:00,NSPIN,2379,N
10/01/2026,13:00,REGDN,606,N
10/01/2026,13:00,REGUP,569,N
10/01/2026,13:00,RRS,2867,N
10/01/2026,14:00,ECRS,2213,N
10/01/2026,14:00,NSPIN,3583,N
10/01/2026,14:00,REGDN,588,N
10/01/2026,14:00,REGUP,647,N
10/01/2026,14:00,RRS,2867,N
10/01/2026,15:00,ECRS,2425,N
10/01/2026,15:00,NSPIN,3668,N
10/01/2026,15:00,REGDN,633,N
10/01/2026,15:00,REGUP,673,N
10/01/2026,15:00,RRS,2702,N
10/01/2026,16:00,ECRS,2688,N
10/01/2026,16:00,NSPIN,3540,N
10/01/2026,16:00,REGDN,667,N
10/01/2026,16:00,REGUP,666,N
10/01/2026,16:00,RRS,2702,N
10/01/2026,17:00,ECRS,2842,N
10/01/2026,17:00,NSPIN,3624,N
10/01/2026,17:00,REGDN,652,N
10/01/2026,17:00,REGUP,683,N
10/01/2026,17:00,RRS,2702,N
10/01/2026,18:00,ECRS,2672,N
10/01/2026,18:00,NSPIN,3548,N
10/01/2026,18:00,REGDN,607,N
10/01/2026,18:00,REGUP,603,N
10/01/2026,18:00,RRS,2702,N
10/01/2026,19:00,ECRS,1724,N
10/01/2026,19:00,NSPIN,2758,N
10/01/2026,19:00,REGDN,438,N
10/01/2026,19:00,REGUP,598,N
10/01/2026,19:00,RRS,2597,N
10/01/2026,20:00,ECRS,1687,N
10/01/2026,20:00,NSPIN,3382,N
10/01/2026,20:00,REGDN,425,N
10/01/2026,20:00,REGUP,279,N
10/01/2026,20:00,RRS,2597,N
10/01/2026,21:00,ECRS,1491,N
10/01/2026,21:00,NSPIN,3841,N
10/01/2026,21:00,REGDN,453,N
10/01/2026,21:00,REGUP,347,N
10/01/2026,21:00,RRS,2597,N
10/01/2026,22:00,ECRS,1524,N
10/01/2026,22:00,NSPIN,3376,N
10/01/2026,22:00,REGDN,372,N
10/01/2026,22:00,REGUP,383,N
10/01/2026,22:00,RRS,2597,N
10/01/2026,23:00,ECRS,1228,N
10/01/2026,23:00,NSPIN,2749,N
10/01/2026,23:00,REGDN,320,N
10/01/2026,23:00,REGUP,364,N
10/01/2026,23:00,RRS,2702,N
10/01/2026,24:00,ECRS,1169,N
10/01/2026,24:00,NSPIN,2861,N
10/01/2026,24:00,REGDN,287,N
10/01/2026,24:00,REGUP,336,N
10/01/2026,24:00,RRS,2702,N
