OperDay,HourEnding,COAST,EAST,FAR_WEST,NORTH,NORTH_C,SOUTHERN,SOUTH_C,WEST,TOTAL,DSTFlag
09/24/2026,01:00,15938.36,2061.63,7398.36,1680.57,17735.41,4938.01,10119.47,1987.56,61859.37,N
09/24/2026,02:00,15322.28,1964.09,7429.52,1594.30,16823.24,4720.30,9574.11,1977.95,59405.79,N
09/24/2026,03:00,14894.45,1884.04,7348.37,1549.05,16156.92,4574.11,9175.53,1967.22,57549.68,N
09/24/2026,04:00,14692.84,1820.51,7249.46,1577.39,15644.99,4502.51,8919.49,1939.04,56346.24,N
09/24/2026,05:00,14718.74,1762.73,7258.84,1601.16,15473.54,4494.87,8871.14,1911.37,56092.40,N
09/24/2026,06:00,15024.43,1799.10,7304.11,1642.36,15732.40,4577.75,9013.05,1913.25,57006.45,N
09/24/2026,07:00,15448.57,1903.62,7375.16,1719.26,16331.18,4743.86,9369.52,1948.15,58839.33,N
09/24/2026,08:00,15479.78,1896.23,7327.51,1683.75,16428.80,4776.67,9521.35,1989.44,59103.52,N
09/24/2026,09:00,15896.09,1891.72,7361.58,1779.94,16707.88,4861.06,9750.77,1993.44,60242.46,N
09/24/2026,10:00,16822.30,1879.73,7482.18,1866.69,17462.83,5151.81,10456.21,2062.49,63184.24,N
09/24/2026,11:00,17878.45,1971.52,7542.95,1967.00,18462.20,5476.58,11189.84,2202.02,66690.54,N
09/24/2026,12:00,19048.16,2092.48,7584.41,1996.14,19709.91,5725.22,12011.08,2308.66,70476.05,N
09/24/2026,13:00,20179.31,2234.73,7723.12,2072.65,21024.96,6069.00,12676.80,2381.38,74361.96,N
09/24/2026,14:00,21125.60,2451.57,7889.63,2240.15,22230.34,6323.96,13218.24,2318.17,77797.68,N
09/24/2026,15:00,21831.13,2610.28,7881.34,2322.59,23423.31,6522.67,13623.26,2344.73,80559.30,N
09/24/2026,16:00,22206.17,2691.84,7743.60,2344.51,24254.98,6625.12,13976.13,2474.38,82316.74,N
09/24/2026,17:00,22318.40,2686.15,7698.76,2395.11,24760.09,6699.32,14337.88,2531.18,83426.90,N
09/24/2026,18:00,21796.76,2696.46,7637.81,2390.94,24546.89,6675.71,14467.10,2431.69,82643.37,N
09/24/2026,19:00,20675.29,2732.73,7524.52,2290.57,23682.71,6470.13,14143.49,2379.18,79898.62,N
09/24/2026,20:00,19986.21,2621.93,7576.39,2223.48,22855.74,6388.14,13741.32,2277.73,77670.94,N
09/24/2026,21:00,19406.22,2506.91,7669.34,2110.80,22059.68,6227.53,13231.90,2310.08,75522.46,N
09/24/2026,22:00,18854.93,2358.76,7631.74,2076.89,21108.83,5988.59,12656.56,2282.62,72958.92,N
09/24/2026,23:00,18309.62,2238.96,7554.36,2016.90,19665.97,5600.06,11956.32,2190.35,69532.53,N
09/24/2026,24:00,16880.16,2095.72,7508.83,1877.51,18017.63,5283.51,11249.87,2064.25,64977.47,N
