timestamp,demand_mw,capacity_mw
2026-09-25 00:00:00-0500,63004,83157
2026-09-25 00:05:00-0500,62676,82646
2026-09-25 00:10:00-0500,62542,81995
2026-09-25 00:15:00-0500,62215,81588
2026-09-25 00:20:00-0500,62060,81150
2026-09-25 00:25:00-0500,61587,80926
2026-09-25 00:30:00-0500,61392,80801
2026-09-25 00:35:00-0500,61164,80791
2026-09-25 00:40:00-0500,60923,80908
2026-09-25 00:45:00-0500,60742,80547
2026-09-25 00:50:00-0500,60404,80442
2026-09-25 00:55:00-0500,60155,80513
2026-09-25 01:00:00-0500,59844,80694
2026-09-25 01:05:00-0500,59715,80288
2026-09-25 01:10:00-0500,59608,80117
2026-09-25 01:15:00-0500,59186,80087
2026-09-25 01:20:00-0500,59042,80146
2026-09-25 01:25:00-0500,58757,80156
2026-09-25 01:30:00-0500,58612,80215
2026-09-25 01:35:00-0500,58512,80433
2026-09-25 01:40:00-0500,58335,80675
2026-09-25 01:45:00-0500,58129,80653
2026-09-25 01:50:00-0500,57874,80519
2026-09-25 01:55:00-0500,57823,80229
2026-09-25 02:00:00-0500,57611,79636
2026-09-25 02:05:00-0500,57500,79533
2026-09-25 02:10:00-0500,57180,79565
2026-09-25 02:15:00-0500,56916,78896
2026-09-25 02:20:00-0500,56914,79422
2026-09-25 02:25:00-0500,56733,79385
2026-09-25 02:30:00-0500,56526,79374
2026-09-25 02:35:00-0500,56242,79542
2026-09-25 02:40:00-0500,55977,79426
2026-09-25 02:45:00-0500,55868,79160
2026-09-25 02:50:00-0500,55862,79102
2026-09-25 02:55:00-0500,55839,79391
2026-09-25 03:00:00-0500,55668,79220
2026-09-25 03:05:00-0500,55713,79200
2026-09-25 03:10:00-0500,55588,78794
2026-09-25 03:15:00-0500,55452,78931
2026-09-25 03:20:00-0500,55250,78452
2026-09-25 03:25:00-0500,55138,78440
2026-09-25 03:30:00-0500,54964,78344
2026-09-25 03:35:00-0500,54819,78385
2026-09-25 03:40:00-0500,54657,77782
2026-09-25 03:45:00-0500,54573,77654
2026-09-25 03:50:00-0500,54659,77452
2026-09-25 03:55:00-0500,54450,76970
2026-09-25 04:00:00-0500,54505,77431
2026-09-25 04:05:00-0500,54864,77358
2026-09-25 04:10:00-0500,54931,77056
2026-09-25 04:15:00-0500,54798,77101
2026-09-25 04:20:00-0500,54875,77082
2026-09-25 04:25:00-0500,54790,76963
2026-09-25 04:30:00-0500,54648,76784
2026-09-25 04:35:00-0500,54598,76495
2026-09-25 04:40:00-0500,54557,76393
2026-09-25 04:45:00-0500,54685,76306
2026-09-25 04:50:00-0500,54457,76073
2026-09-25 04:55:00-0500,54488,76170
2026-09-25 05:00:00-0500,54638,76104
2026-09-25 05:05:00-0500,54880,76005
2026-09-25 05:10:00-0500,54974,75869
2026-09-25 05:15:00-0500,55039,76053
2026-09-25 05:20:00-0500,55146,75921
2026-09-25 05:25:00-0500,55159,75975
2026-09-25 05:30:00-0500,55215,75740
2026-09-25 05:35:00-0500,55117,75531
2026-09-25 05:40:00-0500,55138,75450
2026-09-25 05:45:00-0500,55132,75271
2026-09-25 05:50:00-0500,55397,75133
2026-09-25 05:55:00-0500,55523,75139
2026-09-25 06:00:00-0500,55555,75284
2026-09-25 06:05:00-0500,55848,75348
2026-09-25 06:10:00-0500,56084,75410
2026-09-25 06:15:00-0500,56204,75356
2026-09-25 06:20:00-0500,56365,75224
2026-09-25 06:25:00-0500,56342,74987
2026-09-25 06:30:00-0500,56348,75054
2026-09-25 06:35:00-0500,56567,74969
2026-09-25 06:40:00-0500,56682,74818
2026-09-25 06:45:00-0500,56735,74502
2026-09-25 06:50:00-0500,56810,74131
2026-09-25 06:55:00-0500,56854,73970
2026-09-25 07:00:00-0500,56862,73705
2026-09-25 07:05:00-0500,56910,73678
2026-09-25 07:10:00-0500,56829,73591
2026-09-25 07:15:00-0500,56678,73022
2026-09-25 07:20:00-0500,56495,72815
2026-09-25 07:25:00-0500,56566,72788
2026-09-25 07:30:00-0500,56498,72866
2026-09-25 07:35:00-0500,56599,73369
2026-09-25 07:40:00-0500,56616,73696
2026-09-25 07:45:00-0500,56611,74334
2026-09-25 07:50:00-0500,56641,74641
2026-09-25 07:55:00-0500,56700,75306
2026-09-25 08:00:00-0500,56871,75958
2026-09-25 08:05:00-0500,56841,76786
2026-09-25 08:10:00-0500,57135,77143
2026-09-25 08:15:00-0500,57517,77924
2026-09-25 08:20:00-0500,57544,78581
2026-09-25 08:25:00-0500,57708,79533
2026-09-25 08:30:00-0500,57943,80383
2026-09-25 08:35:00-0500,58298,81802
2026-09-25 08:40:00-0500,58535,82843
2026-09-25 08:45:00-0500,58576,83420
2026-09-25 08:50:00-0500,58783,84477
2026-09-25 08:55:00-0500,58928,85333
2026-09-25 09:00:00-0500,59069,86230
2026-09-25 09:05:00-0500,59528,88362
2026-09-25 09:10:00-0500,59538,88469
2026-09-25 09:15:00-0500,59857,89195
2026-09-25 09:20:00-0500,60246,90054
2026-09-25 09:25:00-0500,60498,90707
2026-09-25 09:30:00-0500,60682,91444
2026-09-25 09:35:00-0500,60933,92167
2026-09-25 09:40:00-0500,61213,92831
2026-09-25 09:45:00-0500,61419,93506
2026-09-25 09:50:00-0500,61581,93963
2026-09-25 09:55:00-0500,61997,94624
2026-09-25 10:00:00-0500,62269,94437
2026-09-25 10:05:00-0500,62407,95064
2026-09-25 10:10:00-0500,62581,95381
2026-09-25 10:15:00-0500,62867,95522
2026-09-25 10:20:00-0500,63084,95803
2026-09-25 10:25:00-0500,63289,95874
2026-09-25 10:30:00-0500,63648,96229
2026-09-25 10:35:00-0500,63893,96558
2026-09-25 10:40:00-0500,64173,96516
2026-09-25 10:45:00-0500,64379,96794
2026-09-25 10:50:00-0500,64725,97273
2026-09-25 10:55:00-0500,64999,97347
2026-09-25 11:00:00-0500,65105,97390
2026-09-25 11:05:00-0500,65408,98831
2026-09-25 11:10:00-0500,65793,99669
2026-09-25 11:15:00-0500,66204,99287
2026-09-25 11:20:00-0500,66639,99616
2026-09-25 11:25:00-0500,66896,100130
2026-09-25 11:30:00-0500,67319,99895
2026-09-25 11:35:00-0500,67608,98878
2026-09-25 11:40:00-0500,67908,99672
2026-09-25 11:45:00-0500,68079,100190
2026-09-25 11:50:00-0500,68417,100489
2026-09-25 11:55:00-0500,68595,98851
2026-09-25 12:00:00-0500,68853,99757
2026-09-25 12:05:00-0500,69045,99766
2026-09-25 12:10:00-0500,69516,99892
2026-09-25 12:15:00-0500,69801,100033
2026-09-25 12:20:00-0500,70312,100600
2026-09-25 12:25:00-0500,70649,100868
2026-09-25 12:30:00-0500,70924,99796
2026-09-25 12:35:00-0500,71319,100358
2026-09-25 12:40:00-0500,71578,101329
2026-09-25 12:45:00-0500,72096,99985
2026-09-25 12:50:00-0500,72212,100706
2026-09-25 12:55:00-0500,72662,101894
2026-09-25 13:00:00-0500,72907,100822
2026-09-25 13:05:00-0500,73083,101822
2026-09-25 13:10:00-0500,73492,100705
2026-09-25 13:15:00-0500,73732,100924
2026-09-25 13:20:00-0500,74038,100647
2026-09-25 13:25:00-0500,74355,102015
2026-09-25 13:30:00-0500,74871,100931
2026-09-25 13:35:00-0500,75063,101584
2026-09-25 13:40:00-0500,75155,100887
2026-09-25 13:45:00-0500,75458,100822
2026-09-25 13:50:00-0500,75742,100809
2026-09-25 13:55:00-0500,75978,101080
2026-09-25 14:00:00-0500,76095,101655
2026-09-25 14:05:00-0500,76623,101740
2026-09-25 14:10:00-0500,76974,102149
2026-09-25 14:15:00-0500,77229,101571
2026-09-25 14:20:00-0500,77402,101036
2026-09-25 14:25:00-0500,77556,101832
2026-09-25 14:30:00-0500,77885,101091
2026-09-25 14:35:00-0500,77983,100562
2026-09-25 14:40:00-0500,78399,101609
2026-09-25 14:45:00-0500,78543,102246
2026-09-25 14:50:00-0500,78582,101349
2026-09-25 14:55:00-0500,78922,102239
2026-09-25 15:00:00-0500,79073,102389
2026-09-25 15:05:00-0500,79220,102875
2026-09-25 15:10:00-0500,79433,103843
2026-09-25 15:15:00-0500,79666,103819
2026-09-25 15:20:00-0500,79901,103536
2026-09-25 15:25:00-0500,80178,103905
2026-09-25 15:30:00-0500,80365,104151
2026-09-25 15:35:00-0500,80503,103802
2026-09-25 15:40:00-0500,80718,105586
2026-09-25 15:45:00-0500,80867,104745
2026-09-25 15:50:00-0500,80963,104304
2026-09-25 15:55:00-0500,80913,104351
2026-09-25 16:00:00-0500,80805,104737
2026-09-25 16:05:00-0500,80812,105979
2026-09-25 16:10:00-0500,81039,105492
2026-09-25 16:15:00-0500,81125,104783
2026-09-25 16:20:00-0500,81252,104077
2026-09-25 16:25:00-0500,81230,104683
2026-09-25 16:30:00-0500,81354,105400
2026-09-25 16:35:00-0500,81587,105424
2026-09-25 16:40:00-0500,81612,105772
2026-09-25 16:45:00-0500,81442,105242
2026-09-25 16:50:00-0500,81304,104415
2026-09-25 16:55:00-0500,81190,103975
2026-09-25 17:00:00-0500,81190,104406
2026-09-25 17:05:00-0500,80800,103568
2026-09-25 17:10:00-0500,80782,103013
2026-09-25 17:15:00-0500,80817,103119
2026-09-25 17:20:00-0500,80744,102596
2026-09-25 17:25:00-0500,80816,102084
2026-09-25 17:30:00-0500,80726,101936
2026-09-25 17:35:00-0500,80528,100425
2026-09-25 17:40:00-0500,80285,99855
2026-09-25 17:45:00-0500,80047,99273
2026-09-25 17:50:00-0500,79781,99649
2026-09-25 17:55:00-0500,79545,99495
2026-09-25 18:00:00-0500,79205,98293
2026-09-25 18:05:00-0500,78676,97634
2026-09-25 18:10:00-0500,78350,96847
2026-09-25 18:15:00-0500,78436,96207
2026-09-25 18:20:00-0500,78313,94878
2026-09-25 18:25:00-0500,77949,93401
2026-09-25 18:30:00-0500,77545,92490
2026-09-25 18:35:00-0500,77223,91616
2026-09-25 18:40:00-0500,76923,90643
2026-09-25 18:45:00-0500,76659,89570
2026-09-25 18:50:00-0500,76408,88656
2026-09-25 18:55:00-0500,75924,87902
2026-09-25 19:00:00-0500,75581,87425
2026-09-25 19:05:00-0500,75141,86989
2026-09-25 19:10:00-0500,74888,86798
2026-09-25 19:15:00-0500,74604,86632
2026-09-25 19:20:00-0500,74568,86551
2026-09-25 19:25:00-0500,74368,86555
2026-09-25 19:30:00-0500,74163,86507
2026-09-25 19:35:00-0500,74249,86495
2026-09-25 19:40:00-0500,74083,86584
2026-09-25 19:45:00-0500,73836,86526
2026-09-25 19:50:00-0500,73453,86562
2026-09-25 19:55:00-0500,73196,86649
2026-09-25 20:00:00-0500,72859,86771
2026-09-25 20:05:00-0500,72696,86738
2026-09-25 20:10:00-0500,72517,86872
2026-09-25 20:15:00-0500,72060,86851
2026-09-25 20:20:00-0500,71785,86969
2026-09-25 20:25:00-0500,71624,86938
2026-09-25 20:30:00-0500,71274,86623
2026-09-25 20:35:00-0500,71067,86352
2026-09-25 20:40:00-0500,70889,86272
2026-09-25 20:45:00-0500,70637,86217
2026-09-25 20:50:00-0500,70338,86396
2026-09-25 20:55:00-0500,70079,85852
2026-09-25 21:00:00-0500,69915,85798
2026-09-25 21:05:00-0500,69409,85151
2026-09-25 21:10:00-0500,69133,85204
2026-09-25 21:15:00-0500,68881,85292
2026-09-25 21:20:00-0500,68573,85613
2026-09-25 21:25:00-0500,68373,85451
2026-09-25 21:30:00-0500,68024,85137
2026-09-25 21:35:00-0500,67778,85141
2026-09-25 21:40:00-0500,67348,85032
2026-09-25 21:45:00-0500,67126,85220
2026-09-25 21:50:00-0500,66981,85097
2026-09-25 21:55:00-0500,66840,84487
2026-09-25 22:00:00-0500,66559,83556
2026-09-25 22:05:00-0500,66302,83098
2026-09-25 22:10:00-0500,66029,82894
2026-09-25 22:15:00-0500,65734,82814
2026-09-25 22:20:00-0500,65373,82626
2026-09-25 22:25:00-0500,65149,82646
2026-09-25 22:30:00-0500,64872,82731
2026-09-25 22:35:00-0500,64589,83037
2026-09-25 22:40:00-0500,64248,82824
2026-09-25 22:45:00-0500,63952,82777
2026-09-25 22:50:00-0500,64401,84422
2026-09-25 22:55:00-0500,64850,86067
2026-09-25 23:00:00-0500,65299,87712
2026-09-25 23:05:00-0500,65022,87678
2026-09-25 23:10:00-0500,64745,87643
2026-09-25 23:15:00-0500,64468,87608
2026-09-25 23:20:00-0500,64191,87573
2026-09-25 23:25:00-0500,63914,87539
2026-09-25 23:30:00-0500,63637,87504
2026-09-25 23:35:00-0500,63360,87469
2026-09-25 23:40:00-0500,63083,87434
2026-09-25 23:45:00-0500,62806,87400
2026-09-25 23:50:00-0500,62529,87365
2026-09-25 23:55:00-0500,62252,87330
2026-09-26 00:00:00-0500,61975,87296
