tf_index,census_tract,age_draw_2026,age_p10,age_p50,age_p90,P_replace_1y_given_draw,P_replace_5y_given_draw,label
0,48453033800,15,2,16,37,0.0141,0.0802,"DERIVED age prior (ACS year built x DOE retirement function), one seeded draw"
1,48453034300,31,3,18,34,0.0622,0.3241,"DERIVED age prior (ACS year built x DOE retirement function), one seeded draw"
2,48453034300,9,3,18,34,0.0057,0.0322,"DERIVED age prior (ACS year built x DOE retirement function), one seeded draw"
3,48453033800,33,2,16,37,0.0748,0.3756,"DERIVED age prior (ACS year built x DOE retirement function), one seeded draw"
4,48453033800,6,2,17,37,0.0052,0.0274,"DERIVED age prior (ACS year built x DOE retirement function), one seeded draw"
5,48453033800,15,2,16,37,0.0141,0.0802,"DERIVED age prior (ACS year built x DOE retirement function), one seeded draw"
6,48453033800,11,2,16,37,0.0064,0.0425,"DERIVED age prior (ACS year built x DOE retirement function), one seeded draw"
7,48453033800,4,3,17,37,0.005,0.0258,"DERIVED age prior (ACS year built x DOE retirement function), one seeded draw"
8,48453033800,0,2,16,37,0.005,0.0248,"DERIVED age prior (ACS year built x DOE retirement function), one seeded draw"
9,48453033800,19,2,16,37,0.0194,0.1129,"DERIVED age prior (ACS year built x DOE retirement function), one seeded draw"
10,48453033800,28,2,16,37,0.0467,0.2547,"DERIVED age prior (ACS year built x DOE retirement function), one seeded draw"
11,48453033800,28,2,16,37,0.0467,0.2547,"DERIVED age prior (ACS year built x DOE retirement function), one seeded draw"
12,48453033800,14,2,16,37,0.0083,0.0697,"DERIVED age prior (ACS year built x DOE retirement function), one seeded draw"
13,48453033800,4,2,16,37,0.005,0.0258,"DERIVED age prior (ACS year built x DOE retirement function), one seeded draw"
14,48453033800,22,2,16,37,0.0258,0.1489,"DERIVED age prior (ACS year built x DOE retirement function), one seeded draw"
15,48453033800,13,2,16,36,0.0075,0.06,"DERIVED age prior (ACS year built x DOE retirement function), one seeded draw"
16,48453034300,31,3,18,34,0.0622,0.3241,"DERIVED age prior (ACS year built x DOE retirement function), one seeded draw"
17,48453033800,20,3,16,37,0.0213,0.1237,"DERIVED age prior (ACS year built x DOE retirement function), one seeded draw"
18,48453033800,36,2,16,37,0.0973,0.4587,"DERIVED age prior (ACS year built x DOE retirement function), one seeded draw"
19,48453033800,7,2,16,37,0.0053,0.0286,"DERIVED age prior (ACS year built x DOE retirement function), one seeded draw"
20,48453033800,40,2,16,37,0.1346,0.5746,"DERIVED age prior (ACS year built x DOE retirement function), one seeded draw"
21,48453033800,25,2,16,37,0.0347,0.1961,"DERIVED age prior (ACS year built x DOE retirement function), one seeded draw"
22,48453033800,25,2,16,37,0.0347,0.1961,"DERIVED age prior (ACS year built x DOE retirement function), one seeded draw"
23,48453033800,29,2,16,37,0.0514,0.2767,"DERIVED age prior (ACS year built x DOE retirement function), one seeded draw"
24,48453033800,22,2,16,37,0.0258,0.1489,"DERIVED age prior (ACS year built x DOE retirement function), one seeded draw"
25,48453033800,28,3,16,37,0.0467,0.2547,"DERIVED age prior (ACS year built x DOE retirement function), one seeded draw"
26,48453033800,38,2,16,37,0.1149,0.5164,"DERIVED age prior (ACS year built x DOE retirement function), one seeded draw"
27,48453033800,3,2,16,37,0.005,0.0254,"DERIVED age prior (ACS year built x DOE retirement function), one seeded draw"
28,48453033800,7,2,15,37,0.0053,0.0286,"DERIVED age prior (ACS year built x DOE retirement function), one seeded draw"
29,48453033800,24,2,16,37,0.0314,0.1791,"DERIVED age prior (ACS year built x DOE retirement function), one seeded draw"
30,48453033800,39,3,16,37,0.1245,0.5455,"DERIVED age prior (ACS year built x DOE retirement function), one seeded draw"
31,48453032600,0,3,18,35,0.005,0.0248,"DERIVED age prior (ACS year built x DOE retirement function), one seeded draw"
32,48453033800,48,2,16,37,0.2351,0.7874,"DERIVED age prior (ACS year built x DOE retirement function), one seeded draw"
33,48453033800,12,2,16,37,0.0069,0.0509,"DERIVED age prior (ACS year built x DOE retirement function), one seeded draw"
34,48453033800,41,2,16,38,0.1452,0.6035,"DERIVED age prior (ACS year built x DOE retirement function), one seeded draw"
35,48453033800,20,2,16,37,0.0213,0.1237,"DERIVED age prior (ACS year built x DOE retirement function), one seeded draw"
36,48453030500,11,3,16,33,0.0064,0.0425,"DERIVED age prior (ACS year built x DOE retirement function), one seeded draw"
37,48453033800,19,2,15,37,0.0194,0.1129,"DERIVED age prior (ACS year built x DOE retirement function), one seeded draw"
38,48453033800,7,2,16,37,0.0053,0.0286,"DERIVED age prior (ACS year built x DOE retirement function), one seeded draw"
39,48453033800,1,2,15,37,0.005,0.0249,"DERIVED age prior (ACS year built x DOE retirement function), one seeded draw"
40,48453033800,9,2,16,37,0.0057,0.0322,"DERIVED age prior (ACS year built x DOE retirement function), one seeded draw"
41,48453033800,19,2,16,37,0.0194,0.1129,"DERIVED age prior (ACS year built x DOE retirement function), one seeded draw"
42,48453033800,16,2,16,37,0.0152,0.0869,"DERIVED age prior (ACS year built x DOE retirement function), one seeded draw"
43,48453033800,27,2,16,37,0.0423,0.2339,"DERIVED age prior (ACS year built x DOE retirement function), one seeded draw"
44,48453033800,29,2,16,37,0.0514,0.2767,"DERIVED age prior (ACS year built x DOE retirement function), one seeded draw"
45,48453033800,3,2,16,37,0.005,0.0254,"DERIVED age prior (ACS year built x DOE retirement function), one seeded draw"
46,48453033800,43,2,17,37,0.1682,0.6601,"DERIVED age prior (ACS year built x DOE retirement function), one seeded draw"
47,48453033800,37,2,16,37,0.1058,0.4874,"DERIVED age prior (ACS year built x DOE retirement function), one seeded draw"
48,48453033800,37,2,16,37,0.1058,0.4874,"DERIVED age prior (ACS year built x DOE retirement function), one seeded draw"
49,48453033800,22,2,16,37,0.0258,0.1489,"DERIVED age prior (ACS year built x DOE retirement function), one seeded draw"
50,48453033800,12,2,16,37,0.0069,0.0509,"DERIVED age prior (ACS year built x DOE retirement function), one seeded draw"
51,48453033800,9,2,16,37,0.0057,0.0322,"DERIVED age prior (ACS year built x DOE retirement function), one seeded draw"
52,48453033800,36,2,16,36,0.0973,0.4587,"DERIVED age prior (ACS year built x DOE retirement function), one seeded draw"
53,48453033800,9,2,16,37,0.0057,0.0322,"DERIVED age prior (ACS year built x DOE retirement function), one seeded draw"
54,48453034300,35,3,18,34,0.0893,0.4304,"DERIVED age prior (ACS year built x DOE retirement function), one seeded draw"
55,48453034300,5,3,18,34,0.0051,0.0265,"DERIVED age prior (ACS year built x DOE retirement function), one seeded draw"
56,48453033800,12,2,16,37,0.0069,0.0509,"DERIVED age prior (ACS year built x DOE retirement function), one seeded draw"
57,48453033800,25,2,17,37,0.0347,0.1961,"DERIVED age prior (ACS year built x DOE retirement function), one seeded draw"
58,48453033800,2,2,17,37,0.005,0.0251,"DERIVED age prior (ACS year built x DOE retirement function), one seeded draw"
59,48453033800,28,2,15,37,0.0467,0.2547,"DERIVED age prior (ACS year built x DOE retirement function), one seeded draw"
60,48453034300,17,3,18,34,0.0164,0.0945,"DERIVED age prior (ACS year built x DOE retirement function), one seeded draw"
61,48453033800,39,2,17,37,0.1245,0.5455,"DERIVED age prior (ACS year built x DOE retirement function), one seeded draw"
62,48453033800,11,2,16,37,0.0064,0.0425,"DERIVED age prior (ACS year built x DOE retirement function), one seeded draw"
63,48453033800,10,2,16,37,0.006,0.0347,"DERIVED age prior (ACS year built x DOE retirement function), one seeded draw"
64,48453033800,16,2,16,37,0.0152,0.0869,"DERIVED age prior (ACS year built x DOE retirement function), one seeded draw"
65,48453034300,13,2,18,34,0.0075,0.06,"DERIVED age prior (ACS year built x DOE retirement function), one seeded draw"
66,48453033800,37,2,16,37,0.1058,0.4874,"DERIVED age prior (ACS year built x DOE retirement function), one seeded draw"
67,48453034300,32,3,18,34,0.0683,0.3494,"DERIVED age prior (ACS year built x DOE retirement function), one seeded draw"
68,48453032600,39,2,17,35,0.1245,0.5455,"DERIVED age prior (ACS year built x DOE retirement function), one seeded draw"
69,48453033800,0,2,15,37,0.005,0.0248,"DERIVED age prior (ACS year built x DOE retirement function), one seeded draw"
70,48453033800,36,2,16,37,0.0973,0.4587,"DERIVED age prior (ACS year built x DOE retirement function), one seeded draw"
71,48453033800,11,2,16,37,0.0064,0.0425,"DERIVED age prior (ACS year built x DOE retirement function), one seeded draw"
72,48453033800,44,2,16,37,0.1805,0.6874,"DERIVED age prior (ACS year built x DOE retirement function), one seeded draw"
73,48453033800,18,2,16,37,0.0178,0.1032,"DERIVED age prior (ACS year built x DOE retirement function), one seeded draw"
74,48453033800,15,2,16,37,0.0141,0.0802,"DERIVED age prior (ACS year built x DOE retirement function), one seeded draw"
75,48453032600,4,2,18,35,0.005,0.0258,"DERIVED age prior (ACS year built x DOE retirement function), one seeded draw"
76,48453033800,3,2,17,37,0.005,0.0254,"DERIVED age prior (ACS year built x DOE retirement function), one seeded draw"
77,48453033800,2,2,16,37,0.005,0.0251,"DERIVED age prior (ACS year built x DOE retirement function), one seeded draw"
78,48453033800,41,2,16,37,0.1452,0.6035,"DERIVED age prior (ACS year built x DOE retirement function), one seeded draw"
79,48453033800,43,2,15,37,0.1682,0.6601,"DERIVED age prior (ACS year built x DOE retirement function), one seeded draw"
80,48453033800,15,2,16,37,0.0141,0.0802,"DERIVED age prior (ACS year built x DOE retirement function), one seeded draw"
81,48453033800,20,2,17,37,0.0213,0.1237,"DERIVED age prior (ACS year built x DOE retirement function), one seeded draw"
82,48453033800,33,2,16,37,0.0748,0.3756,"DERIVED age prior (ACS year built x DOE retirement function), one seeded draw"
83,48453033800,23,2,16,37,0.0284,0.1634,"DERIVED age prior (ACS year built x DOE retirement function), one seeded draw"
84,48453033800,25,2,16,37,0.0347,0.1961,"DERIVED age prior (ACS year built x DOE retirement function), one seeded draw"
85,48453033800,28,2,17,37,0.0467,0.2547,"DERIVED age prior (ACS year built x DOE retirement function), one seeded draw"
86,48453034300,5,3,18,34,0.0051,0.0265,"DERIVED age prior (ACS year built x DOE retirement function), one seeded draw"
87,48453033800,24,2,17,37,0.0314,0.1791,"DERIVED age prior (ACS year built x DOE retirement function), one seeded draw"
88,48453034300,22,2,18,34,0.0258,0.1489,"DERIVED age prior (ACS year built x DOE retirement function), one seeded draw"
89,48453033800,22,2,17,37,0.0258,0.1489,"DERIVED age prior (ACS year built x DOE retirement function), one seeded draw"
90,48453033800,16,2,16,36,0.0152,0.0869,"DERIVED age prior (ACS year built x DOE retirement function), one seeded draw"
91,48453034300,0,3,18,34,0.005,0.0248,"DERIVED age prior (ACS year built x DOE retirement function), one seeded draw"
92,48453033800,22,2,15,37,0.0258,0.1489,"DERIVED age prior (ACS year built x DOE retirement function), one seeded draw"
93,48453033800,4,2,16,37,0.005,0.0258,"DERIVED age prior (ACS year built x DOE retirement function), one seeded draw"
94,48453033800,33,2,16,37,0.0748,0.3756,"DERIVED age prior (ACS year built x DOE retirement function), one seeded draw"
95,48453033800,4,2,16,37,0.005,0.0258,"DERIVED age prior (ACS year built x DOE retirement function), one seeded draw"
96,48453033800,9,2,16,37,0.0057,0.0322,"DERIVED age prior (ACS year built x DOE retirement function), one seeded draw"
97,48453033800,20,2,16,37,0.0213,0.1237,"DERIVED age prior (ACS year built x DOE retirement function), one seeded draw"
98,48453033800,17,2,17,37,0.0164,0.0945,"DERIVED age prior (ACS year built x DOE retirement function), one seeded draw"
99,48453033800,11,2,16,37,0.0064,0.0425,"DERIVED age prior (ACS year built x DOE retirement function), one seeded draw"
100,48453033800,0,2,16,37,0.005,0.0248,"DERIVED age prior (ACS year built x DOE retirement function), one seeded draw"
101,48453033800,7,2,16,37,0.0053,0.0286,"DERIVED age prior (ACS year built x DOE retirement function), one seeded draw"
102,48453033800,46,2,17,37,0.2067,0.7395,"DERIVED age prior (ACS year built x DOE retirement function), one seeded draw"
103,48453033800,4,2,16,37,0.005,0.0258,"DERIVED age prior (ACS year built x DOE retirement function), one seeded draw"
104,48453033800,36,2,16,37,0.0973,0.4587,"DERIVED age prior (ACS year built x DOE retirement function), one seeded draw"
105,48453033800,20,2,17,37,0.0213,0.1237,"DERIVED age prior (ACS year built x DOE retirement function), one seeded draw"
106,48453033800,4,3,16,37,0.005,0.0258,"DERIVED age prior (ACS year built x DOE retirement function), one seeded draw"
107,48453033800,13,2,16,37,0.0075,0.06,"DERIVED age prior (ACS year built x DOE retirement function), one seeded draw"
108,48453033800,27,2,16,37,0.0423,0.2339,"DERIVED age prior (ACS year built x DOE retirement function), one seeded draw"
109,48453033800,24,2,16,37,0.0314,0.1791,"DERIVED age prior (ACS year built x DOE retirement function), one seeded draw"
110,48453033800,1,2,16,37,0.005,0.0249,"DERIVED age prior (ACS year built x DOE retirement function), one seeded draw"
111,48453033800,2,2,16,36,0.005,0.0251,"DERIVED age prior (ACS year built x DOE retirement function), one seeded draw"
112,48453033800,36,2,16,37,0.0973,0.4587,"DERIVED age prior (ACS year built x DOE retirement function), one seeded draw"
113,48453033800,30,2,16,37,0.0566,0.2999,"DERIVED age prior (ACS year built x DOE retirement function), one seeded draw"
114,48453033800,7,2,17,37,0.0053,0.0286,"DERIVED age prior (ACS year built x DOE retirement function), one seeded draw"
115,48453033800,22,2,16,37,0.0258,0.1489,"DERIVED age prior (ACS year built x DOE retirement function), one seeded draw"
116,48453033800,15,2,17,37,0.0141,0.0802,"DERIVED age prior (ACS year built x DOE retirement function), one seeded draw"
117,48453033800,3,2,16,37,0.005,0.0254,"DERIVED age prior (ACS year built x DOE retirement function), one seeded draw"
118,48453033800,5,2,16,37,0.0051,0.0265,"DERIVED age prior (ACS year built x DOE retirement function), one seeded draw"
119,48453034300,29,3,18,34,0.0514,0.2767,"DERIVED age prior (ACS year built x DOE retirement function), one seeded draw"
120,48453033800,41,2,16,37,0.1452,0.6035,"DERIVED age prior (ACS year built x DOE retirement function), one seeded draw"
121,48453033800,4,2,16,37,0.005,0.0258,"DERIVED age prior (ACS year built x DOE retirement function), one seeded draw"
122,48453033800,30,2,16,37,0.0566,0.2999,"DERIVED age prior (ACS year built x DOE retirement function), one seeded draw"
123,48453030500,34,3,16,33,0.0818,0.4026,"DERIVED age prior (ACS year built x DOE retirement function), one seeded draw"
124,48453033800,36,2,17,37,0.0973,0.4587,"DERIVED age prior (ACS year built x DOE retirement function), one seeded draw"
125,48453033800,3,2,16,37,0.005,0.0254,"DERIVED age prior (ACS year built x DOE retirement function), one seeded draw"
126,48453033800,28,2,16,36,0.0467,0.2547,"DERIVED age prior (ACS year built x DOE retirement function), one seeded draw"
127,48453033800,17,2,16,37,0.0164,0.0945,"DERIVED age prior (ACS year built x DOE retirement function), one seeded draw"
128,48453033800,7,2,16,37,0.0053,0.0286,"DERIVED age prior (ACS year built x DOE retirement function), one seeded draw"
129,48453033800,20,2,15,37,0.0213,0.1237,"DERIVED age prior (ACS year built x DOE retirement function), one seeded draw"
130,48453030500,24,3,16,33,0.0314,0.1791,"DERIVED age prior (ACS year built x DOE retirement function), one seeded draw"
131,48453033800,1,2,16,37,0.005,0.0249,"DERIVED age prior (ACS year built x DOE retirement function), one seeded draw"
132,48453034300,19,2,18,34,0.0194,0.1129,"DERIVED age prior (ACS year built x DOE retirement function), one seeded draw"
133,48453033800,38,2,16,37,0.1149,0.5164,"DERIVED age prior (ACS year built x DOE retirement function), one seeded draw"
134,48453033800,8,2,16,37,0.0055,0.0302,"DERIVED age prior (ACS year built x DOE retirement function), one seeded draw"
135,48453033800,24,2,16,37,0.0314,0.1791,"DERIVED age prior (ACS year built x DOE retirement function), one seeded draw"
136,48453033800,36,2,16,37,0.0973,0.4587,"DERIVED age prior (ACS year built x DOE retirement function), one seeded draw"
137,48453033800,42,2,16,37,0.1564,0.632,"DERIVED age prior (ACS year built x DOE retirement function), one seeded draw"
138,48453033800,19,2,16,37,0.0194,0.1129,"DERIVED age prior (ACS year built x DOE retirement function), one seeded draw"
139,48453033800,2,2,17,37,0.005,0.0251,"DERIVED age prior (ACS year built x DOE retirement function), one seeded draw"
140,48453033800,6,2,17,37,0.0052,0.0274,"DERIVED age prior (ACS year built x DOE retirement function), one seeded draw"
141,48453033800,20,2,16,37,0.0213,0.1237,"DERIVED age prior (ACS year built x DOE retirement function), one seeded draw"
142,48453033800,11,3,17,37,0.0064,0.0425,"DERIVED age prior (ACS year built x DOE retirement function), one seeded draw"
143,48453034300,33,3,18,34,0.0748,0.3756,"DERIVED age prior (ACS year built x DOE retirement function), one seeded draw"
144,48453033800,30,2,16,37,0.0566,0.2999,"DERIVED age prior (ACS year built x DOE retirement function), one seeded draw"
145,48453033800,23,2,16,37,0.0284,0.1634,"DERIVED age prior (ACS year built x DOE retirement function), one seeded draw"
146,48453033800,37,2,16,37,0.1058,0.4874,"DERIVED age prior (ACS year built x DOE retirement function), one seeded draw"
147,48453030500,36,3,16,33,0.0973,0.4587,"DERIVED age prior (ACS year built x DOE retirement function), one seeded draw"
148,48453034300,16,3,18,34,0.0152,0.0869,"DERIVED age prior (ACS year built x DOE retirement function), one seeded draw"
149,48453033800,3,2,16,37,0.005,0.0254,"DERIVED age prior (ACS year built x DOE retirement function), one seeded draw"
150,48453033800,6,2,16,37,0.0052,0.0274,"DERIVED age prior (ACS year built x DOE retirement function), one seeded draw"
151,48453033800,9,2,16,37,0.0057,0.0322,"DERIVED age prior (ACS year built x DOE retirement function), one seeded draw"
152,48453033800,21,2,16,37,0.0234,0.1357,"DERIVED age prior (ACS year built x DOE retirement function), one seeded draw"
153,48453033800,11,2,16,37,0.0064,0.0425,"DERIVED age prior (ACS year built x DOE retirement function), one seeded draw"
154,48453033800,14,2,16,37,0.0083,0.0697,"DERIVED age prior (ACS year built x DOE retirement function), one seeded draw"
155,48453030500,11,3,16,33,0.0064,0.0425,"DERIVED age prior (ACS year built x DOE retirement function), one seeded draw"
156,48453034300,0,3,18,34,0.005,0.0248,"DERIVED age prior (ACS year built x DOE retirement function), one seeded draw"
157,48453034300,50,3,18,33,0.2655,0.8303,"DERIVED age prior (ACS year built x DOE retirement function), one seeded draw"
158,48453034300,10,3,18,34,0.006,0.0347,"DERIVED age prior (ACS year built x DOE retirement function), one seeded draw"
159,48453033800,2,2,17,37,0.005,0.0251,"DERIVED age prior (ACS year built x DOE retirement function), one seeded draw"
160,48453033800,17,2,16,37,0.0164,0.0945,"DERIVED age prior (ACS year built x DOE retirement function), one seeded draw"
161,48453034300,23,2,18,34,0.0284,0.1634,"DERIVED age prior (ACS year built x DOE retirement function), one seeded draw"
162,48453034300,18,3,17,34,0.0178,0.1032,"DERIVED age prior (ACS year built x DOE retirement function), one seeded draw"
163,48453033800,33,2,15,37,0.0748,0.3756,"DERIVED age prior (ACS year built x DOE retirement function), one seeded draw"
164,48453033800,5,2,16,37,0.0051,0.0265,"DERIVED age prior (ACS year built x DOE retirement function), one seeded draw"
165,48453033800,16,2,16,37,0.0152,0.0869,"DERIVED age prior (ACS year built x DOE retirement function), one seeded draw"
166,48453033800,20,2,16,37,0.0213,0.1237,"DERIVED age prior (ACS year built x DOE retirement function), one seeded draw"
167,48453033800,13,2,16,37,0.0075,0.06,"DERIVED age prior (ACS year built x DOE retirement function), one seeded draw"
168,48453033800,27,2,16,37,0.0423,0.2339,"DERIVED age prior (ACS year built x DOE retirement function), one seeded draw"
169,48453033800,17,2,16,37,0.0164,0.0945,"DERIVED age prior (ACS year built x DOE retirement function), one seeded draw"
170,48453033800,18,2,16,37,0.0178,0.1032,"DERIVED age prior (ACS year built x DOE retirement function), one seeded draw"
171,48453034300,11,3,18,34,0.0064,0.0425,"DERIVED age prior (ACS year built x DOE retirement function), one seeded draw"
172,48453034300,36,3,18,34,0.0973,0.4587,"DERIVED age prior (ACS year built x DOE retirement function), one seeded draw"
173,48453033800,19,2,16,36,0.0194,0.1129,"DERIVED age prior (ACS year built x DOE retirement function), one seeded draw"
174,48453033800,12,2,17,37,0.0069,0.0509,"DERIVED age prior (ACS year built x DOE retirement function), one seeded draw"
175,48453033800,43,2,16,37,0.1682,0.6601,"DERIVED age prior (ACS year built x DOE retirement function), one seeded draw"
176,48453033800,28,2,16,37,0.0467,0.2547,"DERIVED age prior (ACS year built x DOE retirement function), one seeded draw"
177,48453033800,8,2,16,37,0.0055,0.0302,"DERIVED age prior (ACS year built x DOE retirement function), one seeded draw"
178,48453033800,9,2,16,37,0.0057,0.0322,"DERIVED age prior (ACS year built x DOE retirement function), one seeded draw"
179,48453033800,5,2,16,37,0.0051,0.0265,"DERIVED age prior (ACS year built x DOE retirement function), one seeded draw"
180,48453033800,12,2,16,37,0.0069,0.0509,"DERIVED age prior (ACS year built x DOE retirement function), one seeded draw"
181,48453033800,6,2,16,36,0.0052,0.0274,"DERIVED age prior (ACS year built x DOE retirement function), one seeded draw"
182,48453033800,4,2,16,37,0.005,0.0258,"DERIVED age prior (ACS year built x DOE retirement function), one seeded draw"
183,48453033800,0,2,15,37,0.005,0.0248,"DERIVED age prior (ACS year built x DOE retirement function), one seeded draw"
184,48453033800,32,2,17,37,0.0683,0.3494,"DERIVED age prior (ACS year built x DOE retirement function), one seeded draw"
185,48453033800,9,2,17,37,0.0057,0.0322,"DERIVED age prior (ACS year built x DOE retirement function), one seeded draw"
186,48453033800,24,2,16,36,0.0314,0.1791,"DERIVED age prior (ACS year built x DOE retirement function), one seeded draw"
187,48453033800,28,2,16,37,0.0467,0.2547,"DERIVED age prior (ACS year built x DOE retirement function), one seeded draw"
188,48453033800,29,2,16,37,0.0514,0.2767,"DERIVED age prior (ACS year built x DOE retirement function), one seeded draw"
189,48453033800,14,2,16,37,0.0083,0.0697,"DERIVED age prior (ACS year built x DOE retirement function), one seeded draw"
190,48453033800,5,2,16,37,0.0051,0.0265,"DERIVED age prior (ACS year built x DOE retirement function), one seeded draw"
191,48453033800,41,2,16,36,0.1452,0.6035,"DERIVED age prior (ACS year built x DOE retirement function), one seeded draw"
192,48453033800,4,2,15,37,0.005,0.0258,"DERIVED age prior (ACS year built x DOE retirement function), one seeded draw"
193,48453030500,11,4,16,33,0.0064,0.0425,"DERIVED age prior (ACS year built x DOE retirement function), one seeded draw"
194,48453033800,39,2,15,37,0.1245,0.5455,"DERIVED age prior (ACS year built x DOE retirement function), one seeded draw"
195,48453033800,13,3,16,37,0.0075,0.06,"DERIVED age prior (ACS year built x DOE retirement function), one seeded draw"
196,48453033800,35,2,15,37,0.0893,0.4304,"DERIVED age prior (ACS year built x DOE retirement function), one seeded draw"
197,48453033800,4,2,15,37,0.005,0.0258,"DERIVED age prior (ACS year built x DOE retirement function), one seeded draw"
198,48453033800,6,2,16,37,0.0052,0.0274,"DERIVED age prior (ACS year built x DOE retirement function), one seeded draw"
199,48453033800,28,2,16,36,0.0467,0.2547,"DERIVED age prior (ACS year built x DOE retirement function), one seeded draw"
200,48453033800,20,2,15,37,0.0213,0.1237,"DERIVED age prior (ACS year built x DOE retirement function), one seeded draw"
201,48453034300,5,3,18,33,0.0051,0.0265,"DERIVED age prior (ACS year built x DOE retirement function), one seeded draw"
202,48453033800,7,2,16,37,0.0053,0.0286,"DERIVED age prior (ACS year built x DOE retirement function), one seeded draw"
203,48453033800,30,2,16,37,0.0566,0.2999,"DERIVED age prior (ACS year built x DOE retirement function), one seeded draw"
204,48453033800,30,2,16,37,0.0566,0.2999,"DERIVED age prior (ACS year built x DOE retirement function), one seeded draw"
205,48453033800,20,2,16,37,0.0213,0.1237,"DERIVED age prior (ACS year built x DOE retirement function), one seeded draw"
206,48453033800,9,2,16,37,0.0057,0.0322,"DERIVED age prior (ACS year built x DOE retirement function), one seeded draw"
207,48453033800,3,2,16,37,0.005,0.0254,"DERIVED age prior (ACS year built x DOE retirement function), one seeded draw"
208,48453030500,5,4,16,33,0.0051,0.0265,"DERIVED age prior (ACS year built x DOE retirement function), one seeded draw"
209,48453033800,2,3,16,37,0.005,0.0251,"DERIVED age prior (ACS year built x DOE retirement function), one seeded draw"
210,48453033800,1,2,16,37,0.005,0.0249,"DERIVED age prior (ACS year built x DOE retirement function), one seeded draw"
211,48453033800,33,2,16,37,0.0748,0.3756,"DERIVED age prior (ACS year built x DOE retirement function), one seeded draw"
212,48453033800,42,2,15,37,0.1564,0.632,"DERIVED age prior (ACS year built x DOE retirement function), one seeded draw"
213,48453033800,0,3,17,37,0.005,0.0248,"DERIVED age prior (ACS year built x DOE retirement function), one seeded draw"
214,48453033800,0,2,15,37,0.005,0.0248,"DERIVED age prior (ACS year built x DOE retirement function), one seeded draw"
215,48453033800,1,2,15,37,0.005,0.0249,"DERIVED age prior (ACS year built x DOE retirement function), one seeded draw"
216,48453033800,10,2,16,37,0.006,0.0347,"DERIVED age prior (ACS year built x DOE retirement function), one seeded draw"
217,48453034300,3,2,18,34,0.005,0.0254,"DERIVED age prior (ACS year built x DOE retirement function), one seeded draw"
218,48453033800,1,2,16,37,0.005,0.0249,"DERIVED age prior (ACS year built x DOE retirement function), one seeded draw"
219,48453032600,22,3,18,34,0.0258,0.1489,"DERIVED age prior (ACS year built x DOE retirement function), one seeded draw"
220,48453033800,11,2,16,37,0.0064,0.0425,"DERIVED age prior (ACS year built x DOE retirement function), one seeded draw"
221,48453033800,32,3,16,37,0.0683,0.3494,"DERIVED age prior (ACS year built x DOE retirement function), one seeded draw"
222,48453033800,0,2,16,37,0.005,0.0248,"DERIVED age prior (ACS year built x DOE retirement function), one seeded draw"
223,48453033800,9,2,16,37,0.0057,0.0322,"DERIVED age prior (ACS year built x DOE retirement function), one seeded draw"
224,48453033800,4,2,17,37,0.005,0.0258,"DERIVED age prior (ACS year built x DOE retirement function), one seeded draw"
225,48453034300,23,3,18,34,0.0284,0.1634,"DERIVED age prior (ACS year built x DOE retirement function), one seeded draw"
226,48453033800,13,2,16,37,0.0075,0.06,"DERIVED age prior (ACS year built x DOE retirement function), one seeded draw"
227,48453033800,6,2,16,36,0.0052,0.0274,"DERIVED age prior (ACS year built x DOE retirement function), one seeded draw"
228,48453033800,34,2,17,37,0.0818,0.4026,"DERIVED age prior (ACS year built x DOE retirement function), one seeded draw"
229,48453033800,14,2,16,37,0.0083,0.0697,"DERIVED age prior (ACS year built x DOE retirement function), one seeded draw"
230,48453032600,32,3,17,35,0.0683,0.3494,"DERIVED age prior (ACS year built x DOE retirement function), one seeded draw"
231,48453034300,23,3,18,34,0.0284,0.1634,"DERIVED age prior (ACS year built x DOE retirement function), one seeded draw"
232,48453034300,22,3,18,34,0.0258,0.1489,"DERIVED age prior (ACS year built x DOE retirement function), one seeded draw"
233,48453033800,1,2,16,37,0.005,0.0249,"DERIVED age prior (ACS year built x DOE retirement function), one seeded draw"
234,48453033800,14,3,16,37,0.0083,0.0697,"DERIVED age prior (ACS year built x DOE retirement function), one seeded draw"
235,48453033800,17,2,16,37,0.0164,0.0945,"DERIVED age prior (ACS year built x DOE retirement function), one seeded draw"
236,48453033800,8,2,16,37,0.0055,0.0302,"DERIVED age prior (ACS year built x DOE retirement function), one seeded draw"
237,48453033800,4,2,15,37,0.005,0.0258,"DERIVED age prior (ACS year built x DOE retirement function), one seeded draw"
238,48453033800,16,2,16,37,0.0152,0.0869,"DERIVED age prior (ACS year built x DOE retirement function), one seeded draw"
239,48453033800,13,2,16,37,0.0075,0.06,"DERIVED age prior (ACS year built x DOE retirement function), one seeded draw"
240,48453033800,4,2,16,37,0.005,0.0258,"DERIVED age prior (ACS year built x DOE retirement function), one seeded draw"
241,48453033800,28,2,16,37,0.0467,0.2547,"DERIVED age prior (ACS year built x DOE retirement function), one seeded draw"
242,48453033800,24,2,16,36,0.0314,0.1791,"DERIVED age prior (ACS year built x DOE retirement function), one seeded draw"
243,48453033800,39,2,16,37,0.1245,0.5455,"DERIVED age prior (ACS year built x DOE retirement function), one seeded draw"
244,48453033800,28,2,16,37,0.0467,0.2547,"DERIVED age prior (ACS year built x DOE retirement function), one seeded draw"
245,48453033800,28,2,16,37,0.0467,0.2547,"DERIVED age prior (ACS year built x DOE retirement function), one seeded draw"
246,48453033800,33,2,16,37,0.0748,0.3756,"DERIVED age prior (ACS year built x DOE retirement function), one seeded draw"
247,48453033800,2,2,16,37,0.005,0.0251,"DERIVED age prior (ACS year built x DOE retirement function), one seeded draw"
248,48453033800,15,2,16,38,0.0141,0.0802,"DERIVED age prior (ACS year built x DOE retirement function), one seeded draw"
249,48453033800,16,2,17,37,0.0152,0.0869,"DERIVED age prior (ACS year built x DOE retirement function), one seeded draw"
250,48453033800,35,2,15,37,0.0893,0.4304,"DERIVED age prior (ACS year built x DOE retirement function), one seeded draw"
251,48453033800,33,2,16,37,0.0748,0.3756,"DERIVED age prior (ACS year built x DOE retirement function), one seeded draw"
252,48453033800,39,2,15,37,0.1245,0.5455,"DERIVED age prior (ACS year built x DOE retirement function), one seeded draw"
253,48453030500,21,3,16,33,0.0234,0.1357,"DERIVED age prior (ACS year built x DOE retirement function), one seeded draw"
254,48453033800,26,2,16,37,0.0383,0.2143,"DERIVED age prior (ACS year built x DOE retirement function), one seeded draw"
255,48453033800,0,2,16,37,0.005,0.0248,"DERIVED age prior (ACS year built x DOE retirement function), one seeded draw"
256,48453033800,3,2,16,37,0.005,0.0254,"DERIVED age prior (ACS year built x DOE retirement function), one seeded draw"
257,48453033800,9,2,15,37,0.0057,0.0322,"DERIVED age prior (ACS year built x DOE retirement function), one seeded draw"
258,48453033800,22,2,15,36,0.0258,0.1489,"DERIVED age prior (ACS year built x DOE retirement function), one seeded draw"
259,48453033800,2,2,17,37,0.005,0.0251,"DERIVED age prior (ACS year built x DOE retirement function), one seeded draw"
260,48453033800,12,2,16,37,0.0069,0.0509,"DERIVED age prior (ACS year built x DOE retirement function), one seeded draw"
261,48453033800,20,2,16,37,0.0213,0.1237,"DERIVED age prior (ACS year built x DOE retirement function), one seeded draw"
262,48453033800,6,2,16,37,0.0052,0.0274,"DERIVED age prior (ACS year built x DOE retirement function), one seeded draw"
263,48453033800,7,3,16,37,0.0053,0.0286,"DERIVED age prior (ACS year built x DOE retirement function), one seeded draw"
264,48453033800,42,2,16,37,0.1564,0.632,"DERIVED age prior (ACS year built x DOE retirement function), one seeded draw"
265,48453033800,40,2,17,37,0.1346,0.5746,"DERIVED age prior (ACS year built x DOE retirement function), one seeded draw"
266,48453033800,46,2,16,37,0.2067,0.7395,"DERIVED age prior (ACS year built x DOE retirement function), one seeded draw"
267,48453033800,7,2,16,37,0.0053,0.0286,"DERIVED age prior (ACS year built x DOE retirement function), one seeded draw"
268,48453033800,6,2,17,37,0.0052,0.0274,"DERIVED age prior (ACS year built x DOE retirement function), one seeded draw"
269,48453033800,3,2,16,37,0.005,0.0254,"DERIVED age prior (ACS year built x DOE retirement function), one seeded draw"
270,48453033800,42,2,16,37,0.1564,0.632,"DERIVED age prior (ACS year built x DOE retirement function), one seeded draw"
271,48453033800,35,2,17,37,0.0893,0.4304,"DERIVED age prior (ACS year built x DOE retirement function), one seeded draw"
272,48453033800,32,2,16,37,0.0683,0.3494,"DERIVED age prior (ACS year built x DOE retirement function), one seeded draw"
273,48453033800,37,3,16,37,0.1058,0.4874,"DERIVED age prior (ACS year built x DOE retirement function), one seeded draw"
274,48453033800,2,2,16,37,0.005,0.0251,"DERIVED age prior (ACS year built x DOE retirement function), one seeded draw"
275,48453034300,36,3,18,34,0.0973,0.4587,"DERIVED age prior (ACS year built x DOE retirement function), one seeded draw"
276,48453033800,30,2,16,37,0.0566,0.2999,"DERIVED age prior (ACS year built x DOE retirement function), one seeded draw"
277,48453032600,13,3,17,34,0.0075,0.06,"DERIVED age prior (ACS year built x DOE retirement function), one seeded draw"
278,48453033800,22,3,17,37,0.0258,0.1489,"DERIVED age prior (ACS year built x DOE retirement function), one seeded draw"
279,48453034300,50,3,18,34,0.2655,0.8303,"DERIVED age prior (ACS year built x DOE retirement function), one seeded draw"
280,48453033800,9,2,16,37,0.0057,0.0322,"DERIVED age prior (ACS year built x DOE retirement function), one seeded draw"
281,48453034300,48,3,18,34,0.2351,0.7874,"DERIVED age prior (ACS year built x DOE retirement function), one seeded draw"
282,48453033800,12,2,16,36,0.0069,0.0509,"DERIVED age prior (ACS year built x DOE retirement function), one seeded draw"
283,48453033800,2,2,16,37,0.005,0.0251,"DERIVED age prior (ACS year built x DOE retirement function), one seeded draw"
284,48453033800,21,2,16,36,0.0234,0.1357,"DERIVED age prior (ACS year built x DOE retirement function), one seeded draw"
285,48453033800,29,2,16,37,0.0514,0.2767,"DERIVED age prior (ACS year built x DOE retirement function), one seeded draw"
286,48453033800,31,2,15,37,0.0622,0.3241,"DERIVED age prior (ACS year built x DOE retirement function), one seeded draw"
287,48453033800,32,2,16,37,0.0683,0.3494,"DERIVED age prior (ACS year built x DOE retirement function), one seeded draw"
288,48453033800,1,2,16,37,0.005,0.0249,"DERIVED age prior (ACS year built x DOE retirement function), one seeded draw"
289,48453033800,2,2,16,37,0.005,0.0251,"DERIVED age prior (ACS year built x DOE retirement function), one seeded draw"
290,48453033800,0,2,17,37,0.005,0.0248,"DERIVED age prior (ACS year built x DOE retirement function), one seeded draw"
291,48453033800,7,2,15,36,0.0053,0.0286,"DERIVED age prior (ACS year built x DOE retirement function), one seeded draw"
292,48453033800,10,2,16,37,0.006,0.0347,"DERIVED age prior (ACS year built x DOE retirement function), one seeded draw"
293,48453033800,16,2,16,37,0.0152,0.0869,"DERIVED age prior (ACS year built x DOE retirement function), one seeded draw"
294,48453034300,3,3,18,34,0.005,0.0254,"DERIVED age prior (ACS year built x DOE retirement function), one seeded draw"
295,48453033800,2,2,15,37,0.005,0.0251,"DERIVED age prior (ACS year built x DOE retirement function), one seeded draw"
296,48453033800,39,2,16,37,0.1245,0.5455,"DERIVED age prior (ACS year built x DOE retirement function), one seeded draw"
297,48453033800,11,2,16,37,0.0064,0.0425,"DERIVED age prior (ACS year built x DOE retirement function), one seeded draw"
298,48453033800,10,2,16,37,0.006,0.0347,"DERIVED age prior (ACS year built x DOE retirement function), one seeded draw"
299,48453033800,31,2,16,37,0.0622,0.3241,"DERIVED age prior (ACS year built x DOE retirement function), one seeded draw"
300,48453033800,20,2,16,37,0.0213,0.1237,"DERIVED age prior (ACS year built x DOE retirement function), one seeded draw"
301,48453033800,10,2,16,37,0.006,0.0347,"DERIVED age prior (ACS year built x DOE retirement function), one seeded draw"
302,48453033800,5,2,15,37,0.0051,0.0265,"DERIVED age prior (ACS year built x DOE retirement function), one seeded draw"
303,48453033800,28,2,16,38,0.0467,0.2547,"DERIVED age prior (ACS year built x DOE retirement function), one seeded draw"
304,48453033800,9,2,16,37,0.0057,0.0322,"DERIVED age prior (ACS year built x DOE retirement function), one seeded draw"
305,48453033800,19,3,17,37,0.0194,0.1129,"DERIVED age prior (ACS year built x DOE retirement function), one seeded draw"
306,48453033800,4,2,15,37,0.005,0.0258,"DERIVED age prior (ACS year built x DOE retirement function), one seeded draw"
307,48453033800,29,2,16,37,0.0514,0.2767,"DERIVED age prior (ACS year built x DOE retirement function), one seeded draw"
308,48453033800,17,2,16,37,0.0164,0.0945,"DERIVED age prior (ACS year built x DOE retirement function), one seeded draw"
309,48453033800,2,2,16,37,0.005,0.0251,"DERIVED age prior (ACS year built x DOE retirement function), one seeded draw"
310,48453032600,9,3,17,35,0.0057,0.0322,"DERIVED age prior (ACS year built x DOE retirement function), one seeded draw"
311,48453033800,41,2,16,37,0.1452,0.6035,"DERIVED age prior (ACS year built x DOE retirement function), one seeded draw"
312,48453033800,3,2,16,37,0.005,0.0254,"DERIVED age prior (ACS year built x DOE retirement function), one seeded draw"
313,48453034300,19,3,18,33,0.0194,0.1129,"DERIVED age prior (ACS year built x DOE retirement function), one seeded draw"
314,48453033800,9,2,16,37,0.0057,0.0322,"DERIVED age prior (ACS year built x DOE retirement function), one seeded draw"
315,48453033800,41,2,17,37,0.1452,0.6035,"DERIVED age prior (ACS year built x DOE retirement function), one seeded draw"
316,48453033800,16,2,17,37,0.0152,0.0869,"DERIVED age prior (ACS year built x DOE retirement function), one seeded draw"
317,48453033800,29,2,16,37,0.0514,0.2767,"DERIVED age prior (ACS year built x DOE retirement function), one seeded draw"
318,48453034300,29,2,18,34,0.0514,0.2767,"DERIVED age prior (ACS year built x DOE retirement function), one seeded draw"
319,48453033800,20,2,16,37,0.0213,0.1237,"DERIVED age prior (ACS year built x DOE retirement function), one seeded draw"
320,48453033800,38,2,16,37,0.1149,0.5164,"DERIVED age prior (ACS year built x DOE retirement function), one seeded draw"
321,48453033800,7,3,16,37,0.0053,0.0286,"DERIVED age prior (ACS year built x DOE retirement function), one seeded draw"
322,48453030500,13,3,16,33,0.0075,0.06,"DERIVED age prior (ACS year built x DOE retirement function), one seeded draw"
323,48453033800,42,2,16,37,0.1564,0.632,"DERIVED age prior (ACS year built x DOE retirement function), one seeded draw"
324,48453033800,6,2,16,37,0.0052,0.0274,"DERIVED age prior (ACS year built x DOE retirement function), one seeded draw"
325,48453033800,27,2,16,37,0.0423,0.2339,"DERIVED age prior (ACS year built x DOE retirement function), one seeded draw"
326,48453034300,17,3,17,34,0.0164,0.0945,"DERIVED age prior (ACS year built x DOE retirement function), one seeded draw"
327,48453033800,27,2,17,37,0.0423,0.2339,"DERIVED age prior (ACS year built x DOE retirement function), one seeded draw"
328,48453033800,39,2,16,37,0.1245,0.5455,"DERIVED age prior (ACS year built x DOE retirement function), one seeded draw"
329,48453033800,16,2,17,37,0.0152,0.0869,"DERIVED age prior (ACS year built x DOE retirement function), one seeded draw"
330,48453033800,12,2,16,37,0.0069,0.0509,"DERIVED age prior (ACS year built x DOE retirement function), one seeded draw"
331,48453034300,7,3,18,34,0.0053,0.0286,"DERIVED age prior (ACS year built x DOE retirement function), one seeded draw"
332,48453033800,30,2,17,37,0.0566,0.2999,"DERIVED age prior (ACS year built x DOE retirement function), one seeded draw"
333,48453030500,19,3,16,33,0.0194,0.1129,"DERIVED age prior (ACS year built x DOE retirement function), one seeded draw"
334,48453033800,10,2,16,37,0.006,0.0347,"DERIVED age prior (ACS year built x DOE retirement function), one seeded draw"
335,48453034300,4,3,18,34,0.005,0.0258,"DERIVED age prior (ACS year built x DOE retirement function), one seeded draw"
336,48453032600,19,2,18,35,0.0194,0.1129,"DERIVED age prior (ACS year built x DOE retirement function), one seeded draw"
337,48453033800,13,2,17,37,0.0075,0.06,"DERIVED age prior (ACS year built x DOE retirement function), one seeded draw"
338,48453033800,30,2,16,37,0.0566,0.2999,"DERIVED age prior (ACS year built x DOE retirement function), one seeded draw"
339,48453033800,38,2,16,37,0.1149,0.5164,"DERIVED age prior (ACS year built x DOE retirement function), one seeded draw"
340,48453033800,14,2,16,37,0.0083,0.0697,"DERIVED age prior (ACS year built x DOE retirement function), one seeded draw"
341,48453033800,8,2,17,37,0.0055,0.0302,"DERIVED age prior (ACS year built x DOE retirement function), one seeded draw"
342,48453033800,0,2,16,37,0.005,0.0248,"DERIVED age prior (ACS year built x DOE retirement function), one seeded draw"
343,48453033800,18,2,16,37,0.0178,0.1032,"DERIVED age prior (ACS year built x DOE retirement function), one seeded draw"
344,48453033800,13,2,17,37,0.0075,0.06,"DERIVED age prior (ACS year built x DOE retirement function), one seeded draw"
345,48453033800,16,2,17,37,0.0152,0.0869,"DERIVED age prior (ACS year built x DOE retirement function), one seeded draw"
346,48453030500,6,3,16,33,0.0052,0.0274,"DERIVED age prior (ACS year built x DOE retirement function), one seeded draw"
347,48453033800,17,2,17,37,0.0164,0.0945,"DERIVED age prior (ACS year built x DOE retirement function), one seeded draw"
348,48453033800,13,2,16,37,0.0075,0.06,"DERIVED age prior (ACS year built x DOE retirement function), one seeded draw"
349,48453034300,0,2,18,34,0.005,0.0248,"DERIVED age prior (ACS year built x DOE retirement function), one seeded draw"
350,48453034300,2,3,18,34,0.005,0.0251,"DERIVED age prior (ACS year built x DOE retirement function), one seeded draw"
351,48453033800,23,2,16,37,0.0284,0.1634,"DERIVED age prior (ACS year built x DOE retirement function), one seeded draw"
352,48453033800,14,2,17,37,0.0083,0.0697,"DERIVED age prior (ACS year built x DOE retirement function), one seeded draw"
353,48453033800,12,3,16,37,0.0069,0.0509,"DERIVED age prior (ACS year built x DOE retirement function), one seeded draw"
354,48453033800,0,2,16,37,0.005,0.0248,"DERIVED age prior (ACS year built x DOE retirement function), one seeded draw"
355,48453034300,13,3,18,34,0.0075,0.06,"DERIVED age prior (ACS year built x DOE retirement function), one seeded draw"
356,48453033800,27,2,16,37,0.0423,0.2339,"DERIVED age prior (ACS year built x DOE retirement function), one seeded draw"
357,48453033800,28,2,16,37,0.0467,0.2547,"DERIVED age prior (ACS year built x DOE retirement function), one seeded draw"
358,48453034300,22,3,18,34,0.0258,0.1489,"DERIVED age prior (ACS year built x DOE retirement function), one seeded draw"
359,48453034300,22,3,18,34,0.0258,0.1489,"DERIVED age prior (ACS year built x DOE retirement function), one seeded draw"
360,48453033800,4,2,16,37,0.005,0.0258,"DERIVED age prior (ACS year built x DOE retirement function), one seeded draw"
361,48453033800,10,2,15,37,0.006,0.0347,"DERIVED age prior (ACS year built x DOE retirement function), one seeded draw"
362,48453033800,31,2,16,37,0.0622,0.3241,"DERIVED age prior (ACS year built x DOE retirement function), one seeded draw"
363,48453033800,1,2,16,37,0.005,0.0249,"DERIVED age prior (ACS year built x DOE retirement function), one seeded draw"
364,48453033800,40,2,16,37,0.1346,0.5746,"DERIVED age prior (ACS year built x DOE retirement function), one seeded draw"
365,48453033800,1,2,16,37,0.005,0.0249,"DERIVED age prior (ACS year built x DOE retirement function), one seeded draw"
366,48453034300,6,3,18,34,0.0052,0.0274,"DERIVED age prior (ACS year built x DOE retirement function), one seeded draw"
367,48453030500,26,3,16,33,0.0383,0.2143,"DERIVED age prior (ACS year built x DOE retirement function), one seeded draw"
368,48453033800,32,2,16,37,0.0683,0.3494,"DERIVED age prior (ACS year built x DOE retirement function), one seeded draw"
369,48453033800,30,2,17,37,0.0566,0.2999,"DERIVED age prior (ACS year built x DOE retirement function), one seeded draw"
370,48453033800,32,2,16,37,0.0683,0.3494,"DERIVED age prior (ACS year built x DOE retirement function), one seeded draw"
371,48453033800,7,2,16,37,0.0053,0.0286,"DERIVED age prior (ACS year built x DOE retirement function), one seeded draw"
372,48453033800,31,2,16,37,0.0622,0.3241,"DERIVED age prior (ACS year built x DOE retirement function), one seeded draw"
373,48453033800,3,2,16,37,0.005,0.0254,"DERIVED age prior (ACS year built x DOE retirement function), one seeded draw"
374,48453034300,19,3,18,33,0.0194,0.1129,"DERIVED age prior (ACS year built x DOE retirement function), one seeded draw"
375,48453032600,8,3,18,34,0.0055,0.0302,"DERIVED age prior (ACS year built x DOE retirement function), one seeded draw"
376,48453034300,4,3,17,34,0.005,0.0258,"DERIVED age prior (ACS year built x DOE retirement function), one seeded draw"
377,48453033800,26,2,16,37,0.0383,0.2143,"DERIVED age prior (ACS year built x DOE retirement function), one seeded draw"
378,48453033800,16,2,15,37,0.0152,0.0869,"DERIVED age prior (ACS year built x DOE retirement function), one seeded draw"
